// Auto-generated model data
// Model size: 19096 bytes
#pragma once

#include <stdint.h>

const unsigned int g_model_data_len = 19096;
const unsigned char g_model_data[] = {
    0x1c, 0x00, 0x00, 0x00, 0x54, 0x46, 0x4c, 0x33, 0x14, 0x00, 0x20, 0x00, 0x1c, 0x00, 0x18, 0x00,
    0x14, 0x00, 0x10, 0x00, 0x0c, 0x00, 0x00, 0x00, 0x08, 0x00, 0x04, 0x00, 0x14, 0x00, 0x00, 0x00,
    0x1c, 0x00, 0x00, 0x00, 0x88, 0x00, 0x00, 0x00, 0xe0, 0x00, 0x00, 0x00, 0x6c, 0x1b, 0x00, 0x00,
    0x7c, 0x1b, 0x00, 0x00, 0xa0, 0x49, 0x00, 0x00, 0x03, 0x00, 0x00, 0x00, 0x01, 0x00, 0x00, 0x00,
    0x04, 0x00, 0x00, 0x00, 0xae, 0xe0, 0xff, 0xff, 0x0c, 0x00, 0x00, 0x00, 0x1c, 0x00, 0x00, 0x00,
    0x3c, 0x00, 0x00, 0x00, 0x0f, 0x00, 0x00, 0x00, 0x73, 0x65, 0x72, 0x76, 0x69, 0x6e, 0x67, 0x5f,
    0x64, 0x65, 0x66, 0x61, 0x75, 0x6c, 0x74, 0x00, 0x01, 0x00, 0x00, 0x00, 0x04, 0x00, 0x00, 0x00,
    0x94, 0xff, 0xff, 0xff, 0x25, 0x00, 0x00, 0x00, 0x04, 0x00, 0x00, 0x00, 0x08, 0x00, 0x00, 0x00,
    0x6f, 0x75, 0x74, 0x70, 0x75, 0x74, 0x5f, 0x30, 0x00, 0x00, 0x00, 0x00, 0x01, 0x00, 0x00, 0x00,
    0x04, 0x00, 0x00, 0x00, 0x1a, 0xe5, 0xff, 0xff, 0x04, 0x00, 0x00, 0x00, 0x0b, 0x00, 0x00, 0x00,
    0x61, 0x75, 0x64, 0x69, 0x6f, 0x5f, 0x69, 0x6e, 0x70, 0x75, 0x74, 0x00, 0x02, 0x00, 0x00, 0x00,
    0x34, 0x00, 0x00, 0x00, 0x04, 0x00, 0x00, 0x00, 0xdc, 0xff, 0xff, 0xff, 0x28, 0x00, 0x00, 0x00,
    0x04, 0x00, 0x00, 0x00, 0x13, 0x00, 0x00, 0x00, 0x43, 0x4f, 0x4e, 0x56, 0x45, 0x52, 0x53, 0x49,
    0x4f, 0x4e, 0x5f, 0x4d, 0x45, 0x54, 0x41, 0x44, 0x41, 0x54, 0x41, 0x00, 0x08, 0x00, 0x0c, 0x00,
    0x08, 0x00, 0x04, 0x00, 0x08, 0x00, 0x00, 0x00, 0x27, 0x00, 0x00, 0x00, 0x04, 0x00, 0x00, 0x00,
    0x13, 0x00, 0x00, 0x00, 0x6d, 0x69, 0x6e, 0x5f, 0x72, 0x75, 0x6e, 0x74, 0x69, 0x6d, 0x65, 0x5f,
    0x76, 0x65, 0x72, 0x73, 0x69, 0x6f, 0x6e, 0x00, 0x29, 0x00, 0x00, 0x00, 0x88, 0x1a, 0x00, 0x00,
    0x80, 0x1a, 0x00, 0x00, 0x6c, 0x1a, 0x00, 0x00, 0x48, 0x1a, 0x00, 0x00, 0x34, 0x1a, 0x00, 0x00,
    0x18, 0x1a, 0x00, 0x00, 0xfc, 0x19, 0x00, 0x00, 0xe0, 0x19, 0x00, 0x00, 0xcc, 0x19, 0x00, 0x00,
    0xac, 0x19, 0x00, 0x00, 0x5c, 0x19, 0x00, 0x00, 0x4c, 0x17, 0x00, 0x00, 0xbc, 0x16, 0x00, 0x00,
    0xac, 0x0a, 0x00, 0x00, 0x1c, 0x0a, 0x00, 0x00, 0x0c, 0x04, 0x00, 0x00, 0xbc, 0x03, 0x00, 0x00,
    0x3c, 0x01, 0x00, 0x00, 0x34, 0x01, 0x00, 0x00, 0x2c, 0x01, 0x00, 0x00, 0x24, 0x01, 0x00, 0x00,
    0x1c, 0x01, 0x00, 0x00, 0x14, 0x01, 0x00, 0x00, 0x0c, 0x01, 0x00, 0x00, 0x04, 0x01, 0x00, 0x00,
    0xfc, 0x00, 0x00, 0x00, 0xf4, 0x00, 0x00, 0x00, 0xec, 0x00, 0x00, 0x00, 0xe4, 0x00, 0x00, 0x00,
    0xdc, 0x00, 0x00, 0x00, 0xd4, 0x00, 0x00, 0x00, 0xcc, 0x00, 0x00, 0x00, 0xc4, 0x00, 0x00, 0x00,
    0xbc, 0x00, 0x00, 0x00, 0xb4, 0x00, 0x00, 0x00, 0xac, 0x00, 0x00, 0x00, 0xa4, 0x00, 0x00, 0x00,
    0x9c, 0x00, 0x00, 0x00, 0x94, 0x00, 0x00, 0x00, 0x74, 0x00, 0x00, 0x00, 0x04, 0x00, 0x00, 0x00,
    0x36, 0xe6, 0xff, 0xff, 0x04, 0x00, 0x00, 0x00, 0x60, 0x00, 0x00, 0x00, 0x0c, 0x00, 0x00, 0x00,
    0x08, 0x00, 0x0e, 0x00, 0x08, 0x00, 0x04, 0x00, 0x08, 0x00, 0x00, 0x00, 0x10, 0x00, 0x00, 0x00,
    0x28, 0x00, 0x00, 0x00, 0x00, 0x00, 0x06, 0x00, 0x08, 0x00, 0x04, 0x00, 0x06, 0x00, 0x00, 0x00,
    0x04, 0x00, 0x00, 0x00, 0x01, 0x00, 0x00, 0x00, 0xeb, 0x03, 0x00, 0x00, 0x0c, 0x00, 0x18, 0x00,
    0x14, 0x00, 0x10, 0x00, 0x0c, 0x00, 0x04, 0x00, 0x0c, 0x00, 0x00, 0x00, 0xf6, 0x9e, 0x89, 0x10,
    0xa3, 0x67, 0x3b, 0xb7, 0x02, 0x00, 0x00, 0x00, 0x02, 0x00, 0x00, 0x00, 0x04, 0x00, 0x00, 0x00,
    0x06, 0x00, 0x00, 0x00, 0x32, 0x2e, 0x32, 0x31, 0x2e, 0x30, 0x00, 0x00, 0xa2, 0xe6, 0xff, 0xff,
    0x04, 0x00, 0x00, 0x00, 0x10, 0x00, 0x00, 0x00, 0x31, 0x2e, 0x31, 0x34, 0x2e, 0x30, 0x00, 0x00,
    0x00, 0x00, 0x00, 0x00, 0x00, 0x00, 0x00, 0x00, 0xa0, 0xb8, 0xff, 0xff, 0xa4, 0xb8, 0xff, 0xff,
    0xa8, 0xb8, 0xff, 0xff, 0xac, 0xb8, 0xff, 0xff, 0xb0, 0xb8, 0xff, 0xff, 0xb4, 0xb8, 0xff, 0xff,
    0xb8, 0xb8, 0xff, 0xff, 0xbc, 0xb8, 0xff, 0xff, 0xc0, 0xb8, 0xff, 0xff, 0xc4, 0xb8, 0xff, 0xff,
    0xc8, 0xb8, 0xff, 0xff, 0xcc, 0xb8, 0xff, 0xff, 0xd0, 0xb8, 0xff, 0xff, 0xd4, 0xb8, 0xff, 0xff,
    0xd8, 0xb8, 0xff, 0xff, 0xdc, 0xb8, 0xff, 0xff, 0xe0, 0xb8, 0xff, 0xff, 0xe4, 0xb8, 0xff, 0xff,
    0xe8, 0xb8, 0xff, 0xff, 0xec, 0xb8, 0xff, 0xff, 0xf0, 0xb8, 0xff, 0xff, 0x12, 0xe7, 0xff, 0xff,
    0x04, 0x00, 0x00, 0x00, 0x70, 0x02, 0x00, 0x00, 0x27, 0x24, 0xb5, 0x42, 0x14, 0xb8, 0x66, 0xa3,
    0x65, 0xae, 0x18, 0x3c, 0xc9, 0xd9, 0xf3, 0x26, 0x26, 0x38, 0xc2, 0x52, 0x14, 0x6d, 0xf3, 0x3b,
    0xff, 0x55, 0xfc, 0xef, 0x0d, 0x43, 0x46, 0xda, 0x50, 0xb9, 0x44, 0x81, 0x5c, 0xb4, 0x08, 0x32,
    0x1d, 0xd3, 0x06, 0xfe, 0x41, 0xd7, 0x49, 0xf9, 0xa6, 0x1e, 0xff, 0xd5, 0x37, 0x1d, 0xfd, 0x1c,
    0xc8, 0x24, 0xb2, 0x0a, 0xd3, 0xc5, 0x3c, 0x11, 0xc8, 0xbe, 0xcd, 0xf9, 0x3a, 0x15, 0x32, 0xdc,
    0x2a, 0xc6, 0x09, 0xde, 0xb2, 0x81, 0xc9, 0xf9, 0xeb, 0xb1, 0x8b, 0x81, 0x6a, 0xfb, 0x0f, 0x4a,
    0x0d, 0x2d, 0xd6, 0x15, 0x0c, 0xd8, 0x06, 0xf6, 0x84, 0x73, 0x4a, 0xd0, 0x7f, 0xd9, 0x21, 0xd3,
    0xb4, 0x17, 0x15, 0x10, 0x2e, 0xcf, 0x1a, 0xa2, 0xfb, 0xed, 0xa3, 0xad, 0x21, 0x4b, 0x0c, 0x1a,
    0x39, 0xf6, 0xe6, 0xf8, 0x46, 0x0e, 0xcd, 0x3c, 0xc5, 0xf1, 0x02, 0x15, 0x32, 0x0e, 0x2f, 0xa8,
    0x16, 0x24, 0x49, 0xc3, 0x7f, 0xbb, 0xef, 0x0f, 0x46, 0x3b, 0xed, 0xc1, 0x2a, 0xee, 0x59, 0xed,
    0x06, 0x0e, 0x15, 0xe3, 0x3a, 0xe8, 0x14, 0x54, 0x35, 0xd8, 0xca, 0x24, 0x17, 0x20, 0xed, 0x6f,
    0xd7, 0xf9, 0x22, 0x8a, 0xc9, 0xeb, 0x24, 0xbd, 0xd0, 0x09, 0x26, 0x0b, 0x7f, 0x5f, 0x09, 0x11,
    0xa6, 0xe8, 0xd6, 0x68, 0xcc, 0xc6, 0xdc, 0xf3, 0x08, 0xe7, 0x63, 0xac, 0x9b, 0xf9, 0x8b, 0x33,
    0x08, 0x81, 0x9a, 0xcb, 0x44, 0x48, 0xdf, 0x05, 0xcc, 0xed, 0x69, 0x82, 0x13, 0xfb, 0x37, 0xca,
    0xf0, 0xdb, 0xbf, 0x63, 0x09, 0x5a, 0x39, 0xeb, 0x45, 0x9e, 0x89, 0x9e, 0x89, 0x49, 0x35, 0xfd,
    0x50, 0x0f, 0xe9, 0x22, 0x25, 0x4a, 0x48, 0x45, 0x78, 0x55, 0x1d, 0x16, 0x2d, 0x2c, 0xd1, 0x4a,
    0x52, 0x3f, 0x81, 0x1b, 0x92, 0xf5, 0x0b, 0x0c, 0x60, 0xe6, 0x27, 0x41, 0xee, 0xbb, 0xf7, 0xc7,
    0x3e, 0x2c, 0xf2, 0x3d, 0xab, 0x4d, 0x38, 0xe5, 0x42, 0x21, 0x35, 0x18, 0x42, 0xc9, 0x14, 0x01,
    0xc9, 0xb0, 0xc0, 0x10, 0x81, 0xbb, 0xe4, 0xa0, 0x7d, 0xe7, 0xc3, 0xb3, 0x53, 0xc1, 0x5b, 0x2d,
    0xf6, 0xa3, 0xf8, 0xdd, 0xa1, 0x4a, 0x2d, 0x3b, 0xd1, 0xbf, 0xfb, 0xdc, 0x1b, 0x3d, 0xf2, 0x4f,
    0x1c, 0x2f, 0x25, 0x18, 0xfb, 0x4c, 0xaa, 0xd6, 0x81, 0x6a, 0x01, 0xb2, 0x67, 0xbb, 0xfb, 0x00,
    0x03, 0xed, 0x35, 0xb1, 0x05, 0x8a, 0x13, 0x29, 0x1d, 0xa9, 0xaa, 0x50, 0xb1, 0xd1, 0x3a, 0x4c,
    0xcd, 0xad, 0xf4, 0x6a, 0x33, 0xdd, 0x1d, 0xd3, 0x43, 0xd0, 0x2c, 0x5d, 0x25, 0xe4, 0x62, 0x0b,
    0x1f, 0x4d, 0x16, 0x2f, 0x0d, 0x40, 0x0a, 0xe9, 0xd1, 0x40, 0xfc, 0x01, 0xdf, 0x95, 0xdb, 0xbb,
    0x94, 0x01, 0x00, 0xca, 0x43, 0x60, 0xf4, 0xd5, 0x22, 0x4d, 0x81, 0x9a, 0x0e, 0xf8, 0xd2, 0xe6,
    0x52, 0x28, 0x9f, 0x31, 0x0f, 0xfc, 0x7f, 0xf2, 0x41, 0x14, 0x26, 0xe1, 0x5c, 0x2c, 0xbc, 0xac,
    0x48, 0x56, 0x11, 0x51, 0xcc, 0xc6, 0x4f, 0x1b, 0xcd, 0xf0, 0x10, 0x13, 0xc3, 0xc1, 0xca, 0xe0,
    0xd6, 0xd7, 0xb8, 0xee, 0xd0, 0xa3, 0xcf, 0xf4, 0x2a, 0x81, 0x37, 0x15, 0x41, 0x45, 0xad, 0xe2,
    0xb1, 0x3e, 0x0d, 0xd1, 0x20, 0xd6, 0xd7, 0xa3, 0x05, 0xec, 0x41, 0xf0, 0x3f, 0x4c, 0xd5, 0x5b,
    0x5c, 0xe5, 0x1f, 0x92, 0xfc, 0xdd, 0x22, 0xd4, 0xc8, 0x0d, 0x04, 0xcb, 0xf6, 0x5d, 0x32, 0x02,
    0x0b, 0xdd, 0x31, 0xd0, 0x7f, 0xf5, 0xee, 0x52, 0xf1, 0xef, 0x34, 0xf1, 0xed, 0x9c, 0xc3, 0xed,
    0x9e, 0x0f, 0xfc, 0xbc, 0x4c, 0x3b, 0x44, 0xca, 0xd9, 0x1f, 0x20, 0xc7, 0x4a, 0x32, 0x41, 0x1a,
    0x62, 0x44, 0x7f, 0x31, 0x15, 0x54, 0x4f, 0xf5, 0xd7, 0xe0, 0xd6, 0x12, 0xd1, 0xe1, 0xe6, 0x04,
    0x2b, 0xbe, 0x55, 0xea, 0xf5, 0xc9, 0xfd, 0x02, 0x02, 0x2c, 0x60, 0xcd, 0x3f, 0xbe, 0x26, 0x37,
    0xde, 0xfa, 0xce, 0x0e, 0xda, 0x7f, 0x41, 0x69, 0x24, 0xe7, 0xfa, 0xb4, 0xa6, 0xf3, 0xd9, 0xec,
    0x31, 0xc9, 0xb0, 0xd2, 0x3c, 0x39, 0xc2, 0xf2, 0xda, 0x12, 0xad, 0x5b, 0x21, 0x25, 0xdb, 0xbd,
    0x94, 0xa0, 0x2f, 0xf3, 0x3e, 0x42, 0xee, 0x46, 0xcf, 0xec, 0x7f, 0xff, 0x9a, 0x07, 0x55, 0x2a,
    0xce, 0xb4, 0x16, 0x45, 0x24, 0xb8, 0xec, 0xab, 0x0b, 0xfb, 0xc0, 0x58, 0x16, 0x5f, 0x03, 0xd2,
    0xa8, 0xde, 0xc9, 0x24, 0x8e, 0x81, 0xf6, 0x22, 0xd4, 0x49, 0x53, 0x42, 0x1d, 0x27, 0x45, 0xb2,
    0x3f, 0xd2, 0xd1, 0xad, 0xf8, 0x38, 0x42, 0xe3, 0x8e, 0xe9, 0xff, 0xff, 0x04, 0x00, 0x00, 0x00,
    0x40, 0x00, 0x00, 0x00, 0x89, 0x46, 0xfc, 0xff, 0xe7, 0xad, 0x05, 0x00, 0x72, 0xe9, 0xf0, 0xff,
    0x06, 0x0e, 0x08, 0x00, 0xbb, 0x4c, 0x07, 0x00, 0x6c, 0x9f, 0xfc, 0xff, 0x62, 0xf9, 0x01, 0x00,
    0x9d, 0xc3, 0xff, 0xff, 0xce, 0x6a, 0xeb, 0xff, 0x73, 0x89, 0xf7, 0xff, 0x98, 0xb7, 0xec, 0xff,
    0xca, 0x40, 0x02, 0x00, 0x8f, 0x59, 0x03, 0x00, 0x67, 0xd4, 0x03, 0x00, 0xd2, 0xd3, 0x07, 0x00,
    0xcc, 0xed, 0xff, 0xff, 0xda, 0xe9, 0xff, 0xff, 0x04, 0x00, 0x00, 0x00, 0x00, 0x06, 0x00, 0x00,
    0xbc, 0xd0, 0x0f, 0xa3, 0xfc, 0xa2, 0x11, 0x6d, 0x0b, 0x18, 0xe4, 0x96, 0xb5, 0xc8, 0xa8, 0xde,
    0x28, 0x3f, 0xae, 0xc4, 0x20, 0xb7, 0x1d, 0xca, 0x5e, 0x0e, 0x5c, 0x2c, 0xbb, 0x36, 0xf1, 0xae,
    0x01, 0xa8, 0xe9, 0x5d, 0xe8, 0x81, 0xb7, 0x1b, 0xa7, 0xfa, 0x18, 0x90, 0xb6, 0xc5, 0xc0, 0x98,
    0x9c, 0x14, 0xad, 0x02, 0x46, 0x14, 0xa6, 0xf6, 0xc6, 0x00, 0xd1, 0x0a, 0xfb, 0xba, 0xc4, 0x7b,
    0xe2, 0x7f, 0x5e, 0x71, 0xcf, 0x6e, 0xb0, 0x5d, 0x4f, 0xc1, 0x11, 0xf1, 0x09, 0xd9, 0xdc, 0xde,
    0xf9, 0x24, 0x0f, 0x65, 0x69, 0xd3, 0x10, 0xf8, 0x1a, 0x3c, 0xec, 0xee, 0xff, 0xc6, 0xda, 0x47,
    0xde, 0x52, 0xb1, 0xd9, 0x47, 0x2d, 0x32, 0x48, 0xe0, 0xd4, 0xaa, 0x7f, 0x69, 0xa5, 0x60, 0x00,
    0x94, 0x0f, 0x65, 0x12, 0x75, 0xd5, 0x05, 0x16, 0x2f, 0x7a, 0x29, 0xe0, 0x31, 0xf9, 0xf7, 0x08,
    0xe8, 0x70, 0x50, 0xe3, 0x47, 0x10, 0x3c, 0x17, 0x3d, 0x34, 0xe9, 0xd2, 0xab, 0x1b, 0xde, 0xac,
    0x30, 0xa1, 0x9d, 0x5c, 0x9f, 0x6a, 0x5e, 0xb3, 0xae, 0x99, 0x38, 0xf2, 0xf6, 0x81, 0x21, 0x04,
    0xc3, 0xea, 0xf0, 0x39, 0xad, 0x43, 0x4a, 0xad, 0x9d, 0xfb, 0x48, 0xe9, 0x52, 0xdc, 0xec, 0xe5,
    0x5b, 0xbe, 0x3e, 0x65, 0x03, 0x3b, 0x40, 0xbb, 0x0b, 0xeb, 0x5c, 0x28, 0xc1, 0xc9, 0xfc, 0xd1,
    0x24, 0xe0, 0x02, 0xe1, 0x0c, 0xcc, 0xbc, 0x0b, 0xbb, 0xf3, 0xb4, 0x25, 0xc9, 0x63, 0xd7, 0x9f,
    0xe5, 0x13, 0xe2, 0xb9, 0x17, 0x00, 0x0e, 0xdf, 0xec, 0xcf, 0xd1, 0xcf, 0xc9, 0x63, 0xe1, 0x81,
    0x9f, 0x06, 0xb5, 0x1b, 0x14, 0x38, 0xec, 0xa6, 0xf3, 0xa8, 0xbb, 0x3e, 0x23, 0xd4, 0x2d, 0x9a,
    0x25, 0x1d, 0x53, 0x2b, 0x21, 0xa2, 0xe2, 0x22, 0xca, 0x33, 0xee, 0x13, 0x92, 0xb9, 0x56, 0xb7,
    0x88, 0x56, 0x45, 0x1a, 0xca, 0xec, 0xdb, 0xd2, 0x3e, 0xb9, 0x81, 0x64, 0x1b, 0x06, 0x7f, 0x76,
    0x0a, 0x2f, 0x31, 0x5c, 0x7c, 0x81, 0x13, 0x98, 0x1a, 0xa2, 0x10, 0x58, 0x33, 0x0a, 0x89, 0xae,
    0x3c, 0xb2, 0xf2, 0x1d, 0xcd, 0x2d, 0x12, 0xcc, 0xee, 0x39, 0x2c, 0xf8, 0xdb, 0xf9, 0x3e, 0xf7,
    0x14, 0x99, 0xd6, 0x69, 0xb3, 0xff, 0x7f, 0x90, 0xb3, 0xf5, 0xae, 0xc0, 0xcd, 0xf1, 0xcc, 0xb9,
    0x32, 0x55, 0x2f, 0xe8, 0xc4, 0x18, 0xf4, 0xe4, 0x05, 0xaf, 0x8d, 0x6a, 0xb0, 0x54, 0xc6, 0xb5,
    0x44, 0xdb, 0x90, 0xf9, 0x4b, 0x2d, 0xc9, 0x02, 0x11, 0xd1, 0xf1, 0x3b, 0x29, 0x18, 0xa6, 0xec,
    0xf5, 0xb3, 0x1f, 0xfd, 0x35, 0xd6, 0x2d, 0xd0, 0x4e, 0x81, 0x21, 0x36, 0xb4, 0x25, 0xd6, 0x27,
    0xd4, 0xbc, 0xf9, 0x2c, 0x60, 0x9b, 0x91, 0xce, 0x19, 0x8c, 0x12, 0x13, 0x56, 0xc1, 0x97, 0x68,
    0x44, 0x98, 0xff, 0x31, 0x1e, 0x1f, 0x18, 0x4d, 0xa0, 0xa7, 0xdb, 0x27, 0xde, 0xe9, 0x00, 0x5a,
    0x51, 0x38, 0xe1, 0x26, 0x5e, 0x3d, 0xab, 0xf4, 0x0d, 0xe7, 0x1b, 0x2b, 0xcd, 0xf7, 0x58, 0x81,
    0xca, 0x57, 0xed, 0x01, 0xbf, 0x6b, 0xb0, 0xa1, 0xea, 0x65, 0xc4, 0xe8, 0x06, 0xdf, 0xbe, 0x1f,
    0xf1, 0x00, 0x1d, 0x60, 0xbf, 0x46, 0x37, 0x3e, 0x0f, 0x30, 0x0f, 0xe0, 0x99, 0x81, 0x1d, 0x3d,
    0x4e, 0xc8, 0xef, 0x65, 0xdb, 0x30, 0xfc, 0xba, 0xf9, 0x0e, 0x50, 0x4f, 0xea, 0xc3, 0x0f, 0xac,
    0x18, 0x16, 0x59, 0xae, 0xa0, 0xc3, 0x50, 0xbd, 0xad, 0xf9, 0xd3, 0xd1, 0x35, 0x19, 0x47, 0x33,
    0x01, 0x24, 0x7f, 0x95, 0xda, 0x01, 0x88, 0x89, 0xef, 0x1c, 0xf4, 0x6d, 0x27, 0x7e, 0x46, 0xc5,
    0x43, 0x17, 0xd4, 0x56, 0x9d, 0x57, 0x93, 0xa4, 0xac, 0x2c, 0x04, 0xca, 0x78, 0x47, 0x28, 0x25,
    0x69, 0x88, 0xc3, 0xb0, 0xe3, 0x33, 0xde, 0xcd, 0xf1, 0x9a, 0x5c, 0x05, 0x27, 0x7b, 0x19, 0x87,
    0xb3, 0x29, 0x1a, 0xe3, 0xa1, 0xe1, 0x0e, 0x4a, 0xe7, 0xfb, 0x0e, 0xca, 0x93, 0x47, 0xfb, 0xb8,
    0x1f, 0x52, 0x21, 0xe3, 0xa1, 0x6e, 0x29, 0x7f, 0xe7, 0xb7, 0x37, 0x8d, 0x00, 0x0a, 0x3e, 0xff,
    0xfd, 0x25, 0x3f, 0xe1, 0xa7, 0xe1, 0x14, 0x24, 0x17, 0xea, 0x34, 0xa3, 0xa9, 0xf6, 0x0f, 0x41,
    0x4c, 0xb2, 0x05, 0x62, 0xef, 0x04, 0xa8, 0x15, 0xb2, 0xd6, 0x78, 0xe1, 0x01, 0x0c, 0xbb, 0x30,
    0x03, 0x3e, 0x01, 0xc3, 0x56, 0x0b, 0x81, 0xd5, 0x3d, 0x1c, 0x22, 0xf9, 0x60, 0x59, 0x40, 0xef,
    0x42, 0xbe, 0x39, 0x4a, 0xd6, 0x1c, 0xd8, 0x36, 0x4a, 0xb3, 0xf3, 0x5a, 0x75, 0x3e, 0xa9, 0xcc,
    0x7f, 0xc9, 0x59, 0x5e, 0xcd, 0xeb, 0x68, 0xd1, 0x50, 0x32, 0xa7, 0x17, 0x25, 0xba, 0x56, 0xc5,
    0xd7, 0xee, 0xe9, 0xa2, 0xe3, 0xd7, 0x01, 0x12, 0xa4, 0x93, 0x4b, 0xfa, 0x60, 0x4a, 0x7a, 0x15,
    0xac, 0x55, 0x4f, 0xac, 0x1a, 0xe0, 0xcb, 0x71, 0x97, 0x2f, 0xdc, 0x6d, 0x1b, 0x8c, 0xa3, 0xa6,
    0x09, 0xdd, 0x13, 0xd9, 0xcd, 0xda, 0x5d, 0xee, 0xbe, 0x1f, 0x18, 0x10, 0xfe, 0x1d, 0xd7, 0x93,
    0x6a, 0xa9, 0x59, 0x10, 0x37, 0x1d, 0x15, 0x53, 0x48, 0xd5, 0xeb, 0x5d, 0x31, 0xfd, 0x71, 0x8b,
    0xf1, 0x9e, 0x54, 0x3d, 0x06, 0x8b, 0x38, 0xb3, 0xe1, 0x81, 0x7d, 0x0f, 0x11, 0x4c, 0x15, 0x21,
    0x8f, 0x1a, 0x3d, 0x34, 0xfb, 0xfe, 0x24, 0x9d, 0x67, 0xd6, 0xc9, 0xca, 0xe1, 0xd3, 0xd4, 0x94,
    0xce, 0xe2, 0x2f, 0x28, 0xd5, 0x28, 0x1b, 0x1c, 0x2c, 0x7f, 0xb5, 0x1a, 0xfa, 0x5f, 0xf1, 0x12,
    0x12, 0x9a, 0xf7, 0xbc, 0x2f, 0xc9, 0xdc, 0x36, 0x07, 0x3a, 0xf0, 0x9e, 0x54, 0x59, 0x6c, 0x6d,
    0x1e, 0xe6, 0xc2, 0x17, 0xce, 0xd0, 0x1e, 0xad, 0x9a, 0x1e, 0x31, 0x42, 0xbe, 0x4f, 0x2e, 0x47,
    0xd6, 0xdd, 0x2b, 0x2b, 0x44, 0x66, 0xc2, 0xf6, 0x4c, 0x21, 0x12, 0xea, 0x08, 0x01, 0x3e, 0xaf,
    0xdc, 0x81, 0xda, 0x45, 0x24, 0x50, 0x52, 0x40, 0x55, 0xc2, 0x45, 0x25, 0xe2, 0x21, 0xc3, 0x6c,
    0x0b, 0xe7, 0x26, 0xd2, 0x31, 0x88, 0xd6, 0x5b, 0xc4, 0x6b, 0xf7, 0xa4, 0xfd, 0xb3, 0xc4, 0xc5,
    0x1e, 0x11, 0xca, 0xc1, 0xf2, 0x21, 0x19, 0xeb, 0xd6, 0xd1, 0x64, 0x0c, 0x7b, 0xa2, 0x2c, 0xb6,
    0xd9, 0x5a, 0x81, 0xe5, 0xab, 0xc9, 0xa2, 0x0a, 0xde, 0xd1, 0x2b, 0x21, 0x48, 0xf1, 0x02, 0xed,
    0x28, 0xa6, 0x42, 0x2b, 0x36, 0xb9, 0x47, 0xb1, 0x15, 0xb7, 0x2c, 0x5a, 0x4c, 0x04, 0x08, 0xc8,
    0x0c, 0xf1, 0x84, 0xca, 0xf4, 0xa6, 0x4b, 0x49, 0x95, 0x0c, 0x81, 0xef, 0xae, 0xea, 0xed, 0xe9,
    0xd5, 0xaa, 0xfd, 0xff, 0x49, 0xb5, 0x05, 0xcb, 0x0c, 0xa6, 0xb8, 0x56, 0x05, 0xbf, 0x59, 0x1f,
    0x55, 0x16, 0x00, 0x6d, 0xd3, 0xe6, 0xb5, 0xb5, 0x3b, 0x2b, 0xf6, 0xc2, 0x81, 0xc0, 0xd1, 0x4c,
    0xe4, 0x75, 0xc1, 0xc2, 0x02, 0xfa, 0x99, 0xb9, 0x59, 0x5e, 0xf0, 0x12, 0xb6, 0x42, 0xdf, 0xde,
    0x69, 0x1c, 0xc4, 0xd3, 0x30, 0x37, 0x05, 0xce, 0x39, 0xbc, 0x9a, 0x36, 0x05, 0x33, 0x8d, 0x67,
    0xf1, 0x49, 0x49, 0x41, 0x87, 0x42, 0x5f, 0xfb, 0xed, 0x66, 0x33, 0x01, 0x37, 0xf7, 0x4d, 0x6d,
    0xd7, 0xae, 0x44, 0x28, 0x51, 0x69, 0xc4, 0x48, 0x04, 0xaf, 0xb9, 0x8b, 0xc5, 0x4e, 0xfa, 0xfe,
    0x22, 0xff, 0x2a, 0x6a, 0x3f, 0xf6, 0x14, 0xe8, 0x70, 0xc2, 0xe0, 0x81, 0xeb, 0x00, 0xe6, 0x0a,
    0xd6, 0xbe, 0x6b, 0x81, 0x35, 0x3d, 0x37, 0x9a, 0x34, 0x90, 0x27, 0x3f, 0xc9, 0x8f, 0x57, 0x5d,
    0x4c, 0xa9, 0xcd, 0xea, 0xf5, 0x4d, 0xff, 0x98, 0x5c, 0xb1, 0x53, 0xdf, 0x79, 0x2e, 0x3c, 0xa0,
    0xcf, 0x85, 0x07, 0x6d, 0xe8, 0x49, 0x16, 0xe7, 0xbe, 0xec, 0x71, 0x74, 0xb4, 0xf8, 0xec, 0xf3,
    0xec, 0x06, 0xeb, 0x40, 0xd4, 0xce, 0xb1, 0x26, 0xbc, 0x05, 0x15, 0x81, 0xd4, 0xf8, 0x06, 0xed,
    0xe5, 0x97, 0xbb, 0x43, 0xfc, 0x03, 0x1f, 0x38, 0xd2, 0xe8, 0x36, 0x5c, 0x5c, 0xb5, 0xfa, 0x3b,
    0xcc, 0xca, 0x1e, 0x31, 0xee, 0xa6, 0xa8, 0xe9, 0x28, 0xec, 0xc3, 0x3f, 0xc6, 0x1c, 0x3c, 0xe9,
    0x33, 0xa6, 0x41, 0x65, 0xc7, 0xfe, 0x14, 0xf5, 0x0f, 0x5e, 0x20, 0x2e, 0x27, 0x76, 0x26, 0x63,
    0x18, 0xf4, 0x93, 0xe7, 0xa3, 0xbe, 0xe1, 0x81, 0x87, 0xb2, 0x34, 0x0b, 0x76, 0x5a, 0xbe, 0xc8,
    0x60, 0xf4, 0x86, 0x17, 0xb3, 0xbc, 0x13, 0x23, 0x8c, 0xa7, 0xb3, 0x7d, 0x13, 0x59, 0xb1, 0x10,
    0x08, 0x1c, 0x9b, 0xa0, 0x9e, 0xa7, 0xee, 0xf7, 0x3a, 0x07, 0xb5, 0xab, 0x31, 0x23, 0xac, 0x7d,
    0x5f, 0xd2, 0x82, 0x6a, 0x86, 0xb4, 0x17, 0xee, 0xcb, 0xf6, 0xe8, 0xb3, 0xf7, 0xa9, 0x48, 0x0b,
    0xf1, 0x1c, 0x81, 0x4a, 0x59, 0x5b, 0x2e, 0xdc, 0xf7, 0x90, 0x90, 0xe6, 0xa3, 0xfe, 0x4c, 0x38,
    0xe1, 0xff, 0xa4, 0xc6, 0x04, 0x95, 0x33, 0x9c, 0x0e, 0xdd, 0xa4, 0x4c, 0xc0, 0xb8, 0x01, 0xa5,
    0x0c, 0x28, 0x32, 0xd8, 0x33, 0xba, 0xd0, 0x81, 0x48, 0xc9, 0x12, 0x28, 0x2e, 0xdf, 0x7b, 0xb4,
    0x7f, 0x9e, 0x66, 0x35, 0x4d, 0x64, 0xec, 0x67, 0x5e, 0x15, 0x51, 0x25, 0xd5, 0xab, 0x3c, 0xd9,
    0x2a, 0xfb, 0xb8, 0x81, 0xf8, 0x9e, 0xb3, 0xbd, 0xb4, 0x38, 0xf5, 0x06, 0xc4, 0x55, 0xce, 0x3a,
    0xe0, 0x0b, 0x12, 0x97, 0xd5, 0x0e, 0x14, 0x3f, 0xe9, 0x01, 0xf4, 0x24, 0x42, 0xbf, 0xea, 0x0d,
    0x03, 0xe8, 0x48, 0x54, 0xa5, 0x19, 0xb9, 0x21, 0x62, 0x3a, 0x0f, 0x8e, 0x2e, 0xaa, 0x30, 0xdb,
    0xbb, 0x02, 0xbd, 0xfd, 0xaf, 0x95, 0xa9, 0xb3, 0xf1, 0x0a, 0x7f, 0xa6, 0xf1, 0x2f, 0x1e, 0xb0,
    0x3a, 0x41, 0x31, 0x4c, 0x96, 0xa9, 0x3d, 0xc7, 0x1b, 0x51, 0xf8, 0x74, 0x15, 0xe3, 0xa2, 0xb0,
    0x97, 0xf5, 0xa8, 0xb5, 0x3b, 0x39, 0xda, 0x4a, 0xc1, 0x16, 0xdf, 0x12, 0x4d, 0xb9, 0x6f, 0x5d,
    0x54, 0xf2, 0x99, 0x3d, 0x15, 0xc4, 0xc6, 0xce, 0xf7, 0xf4, 0x81, 0x16, 0xf9, 0xdb, 0xd3, 0xeb,
    0x23, 0xdf, 0x8c, 0x2b, 0x24, 0xf2, 0x34, 0xe0, 0xe1, 0xbc, 0xde, 0xb1, 0xec, 0x07, 0xd7, 0x28,
    0xe1, 0x2b, 0x0e, 0xcd, 0xca, 0x0e, 0x32, 0xec, 0xcc, 0x98, 0x03, 0xc0, 0x01, 0x22, 0xd3, 0x4e,
    0x3b, 0x20, 0x1e, 0x3e, 0x81, 0x5b, 0x01, 0xed, 0x64, 0xf8, 0x3b, 0x1c, 0x2e, 0x19, 0xd2, 0x2a,
    0x32, 0x2d, 0x6c, 0x53, 0x31, 0xc0, 0xd1, 0x14, 0xc1, 0x12, 0x33, 0x3e, 0xe5, 0x15, 0x23, 0xe9,
    0x7f, 0x97, 0xd6, 0x70, 0x2c, 0xd5, 0x94, 0x1d, 0xb2, 0x44, 0xbc, 0x10, 0x30, 0x3f, 0xaa, 0x49,
    0xf1, 0x57, 0x38, 0xd5, 0xb2, 0xce, 0x3f, 0x29, 0x12, 0xdd, 0x23, 0xee, 0xa9, 0xc6, 0x84, 0x0b,
    0x7f, 0x43, 0x0c, 0x72, 0x9d, 0x53, 0xda, 0xed, 0x38, 0xc1, 0xdf, 0x01, 0xb7, 0x9b, 0xae, 0x35,
    0xe6, 0xe6, 0xeb, 0x33, 0xc7, 0xb1, 0x34, 0xac, 0x37, 0xbd, 0xea, 0xd0, 0xb1, 0x9d, 0xd6, 0xef,
    0x01, 0xea, 0xa7, 0x9a, 0x1a, 0x96, 0x05, 0xbe, 0xec, 0xed, 0xc3, 0xd0, 0xd5, 0xeb, 0xc9, 0x20,
    0xd6, 0xf3, 0xc4, 0x81, 0xd3, 0xb1, 0xf0, 0xfb, 0x53, 0x4f, 0x2a, 0x2f, 0x45, 0xb0, 0x03, 0xec,
    0x40, 0x0f, 0x3c, 0x3d, 0xe0, 0x04, 0x0c, 0x4b, 0x52, 0xec, 0x1e, 0x25, 0x32, 0xec, 0x3f, 0x34,
    0xe6, 0xef, 0xff, 0xff, 0x04, 0x00, 0x00, 0x00, 0x80, 0x00, 0x00, 0x00, 0xa4, 0x42, 0x01, 0x00,
    0x8a, 0xb1, 0xff, 0xff, 0x92, 0x24, 0xff, 0xff, 0x1b, 0x52, 0x00, 0x00, 0x92, 0x08, 0x01, 0x00,
    0x23, 0xee, 0xff, 0xff, 0xfe, 0x96, 0x00, 0x00, 0x71, 0x77, 0x00, 0x00, 0xc8, 0x0a, 0x00, 0x00,
    0xf7, 0xe1, 0xff, 0xff, 0x7d, 0xf5, 0xff, 0xff, 0x96, 0xf0, 0xff, 0xff, 0x9b, 0x8e, 0xff, 0xff,
    0x14, 0xdb, 0xff, 0xff, 0x85, 0xb4, 0xff, 0xff, 0x7f, 0xc8, 0xff, 0xff, 0xfa, 0x87, 0xff, 0xff,
    0x9a, 0xa7, 0x00, 0x00, 0xe6, 0x95, 0x00, 0x00, 0xa2, 0x26, 0x00, 0x00, 0x13, 0x5a, 0xff, 0xff,
    0x2e, 0xfa, 0xff, 0xff, 0x8b, 0x80, 0x00, 0x00, 0xd2, 0x18, 0x00, 0x00, 0xc6, 0xc7, 0x00, 0x00,
    0xee, 0x22, 0x00, 0x00, 0x66, 0x52, 0x00, 0x00, 0xe7, 0x62, 0x00, 0x00, 0x1f, 0xdc, 0x00, 0x00,
    0x9e, 0x55, 0xff, 0xff, 0x07, 0xb8, 0x00, 0x00, 0xd8, 0x2c, 0x00, 0x00, 0x72, 0xf0, 0xff, 0xff,
    0x04, 0x00, 0x00, 0x00, 0x00, 0x0c, 0x00, 0x00, 0xbb, 0x76, 0x0b, 0xda, 0x94, 0xde, 0x5b, 0x67,
    0x2d, 0x32, 0x08, 0xb9, 0x4f, 0xa9, 0xb6, 0x0b, 0x9a, 0x4e, 0xd3, 0xb4, 0x61, 0xe2, 0xca, 0xc5,
    0xd1, 0xac, 0xd3, 0x2a, 0xf3, 0x66, 0x11, 0xe4, 0x20, 0xf6, 0xc1, 0x0f, 0xc8, 0xaa, 0x69, 0x62,
    0x21, 0x5a, 0x62, 0xde, 0xe9, 0x39, 0xdd, 0x07, 0x27, 0xd8, 0x34, 0x43, 0x8b, 0x5f, 0xc3, 0x30,
    0x2f, 0xf6, 0x95, 0xad, 0x17, 0xd1, 0x3d, 0xdd, 0x10, 0x10, 0xc1, 0x7f, 0xd7, 0x25, 0xf9, 0xe7,
    0xf6, 0x1a, 0xea, 0xe4, 0xd6, 0xa9, 0xd2, 0xd6, 0x33, 0x18, 0x57, 0xe1, 0x87, 0xfc, 0x0e, 0x56,
    0x25, 0x98, 0xe6, 0x06, 0xe4, 0x56, 0x36, 0xa6, 0x39, 0xe2, 0xb3, 0x2c, 0xf5, 0x07, 0x7f, 0x50,
    0xf0, 0xde, 0x2d, 0x3c, 0xb1, 0xb1, 0xc6, 0xa5, 0xb0, 0xc4, 0xab, 0xe8, 0x15, 0x30, 0xb6, 0xd0,
    0x52, 0x42, 0x39, 0xf7, 0x75, 0x44, 0xd7, 0x44, 0xc9, 0xe2, 0x4a, 0x12, 0xc8, 0xe4, 0xf7, 0x60,
    0xe5, 0xbd, 0xca, 0x08, 0x09, 0x2d, 0x04, 0xf4, 0xa4, 0xd3, 0xf9, 0xf8, 0xea, 0xc1, 0xad, 0x4c,
    0x48, 0x25, 0x2c, 0xd2, 0x39, 0x23, 0x42, 0x03, 0xad, 0x25, 0xfd, 0xd3, 0xaf, 0x07, 0xef, 0xf7,
    0x02, 0xc2, 0x23, 0x4c, 0xfb, 0xf2, 0xc9, 0xfb, 0xb8, 0xb6, 0x39, 0xea, 0x23, 0x1c, 0x1e, 0x04,
    0x38, 0xf1, 0x32, 0x08, 0x69, 0x46, 0x39, 0x2f, 0x10, 0xb7, 0xd8, 0x01, 0xfe, 0x07, 0x06, 0x0a,
    0x08, 0xa6, 0x41, 0xef, 0x02, 0xd4, 0xd7, 0x03, 0x0a, 0xc4, 0x15, 0xed, 0x0c, 0xa3, 0x3f, 0x66,
    0x1c, 0x45, 0xfb, 0xe2, 0xf8, 0xc7, 0x6a, 0xf4, 0xb1, 0xba, 0x15, 0x04, 0x3f, 0xe9, 0xdc, 0x53,
    0x18, 0xb7, 0xfc, 0x36, 0x52, 0x43, 0x17, 0xd6, 0xcb, 0xed, 0xb1, 0x1e, 0x06, 0xfc, 0xe6, 0x2a,
    0x11, 0x39, 0x14, 0xd9, 0x7f, 0x13, 0x24, 0x5f, 0x0c, 0x59, 0xf5, 0x20, 0x9f, 0x01, 0x2f, 0x14,
    0xd7, 0x0d, 0xe5, 0xe3, 0x3b, 0xa0, 0xf6, 0x04, 0xed, 0x20, 0xca, 0x3a, 0x0b, 0x08, 0x20, 0x11,
    0x01, 0x0a, 0xe5, 0xd7, 0x46, 0xfd, 0x42, 0x2e, 0x3f, 0xe6, 0xc6, 0x6c, 0xda, 0xbb, 0xf7, 0xd9,
    0xa2, 0x56, 0x70, 0xe5, 0x1d, 0xd0, 0x3f, 0x18, 0x25, 0x5b, 0x14, 0x5c, 0x05, 0x5e, 0x81, 0x74,
    0xb4, 0x13, 0xe6, 0x34, 0x0e, 0xdd, 0xb7, 0xb1, 0xd1, 0xcf, 0xde, 0x25, 0x6a, 0x02, 0x43, 0xec,
    0x6f, 0x6b, 0x1d, 0xfc, 0xa7, 0x5b, 0xea, 0xf2, 0x01, 0xae, 0xc1, 0xc6, 0x53, 0xf6, 0x51, 0xcb,
    0x27, 0x4f, 0x06, 0x9d, 0x3d, 0x65, 0xab, 0xf1, 0xaf, 0x96, 0xb2, 0x3c, 0x4f, 0x62, 0x7b, 0x0c,
    0x4f, 0x55, 0x4f, 0x05, 0xd2, 0xd7, 0xc7, 0x0a, 0xfb, 0x61, 0x0f, 0xa8, 0xa7, 0x3a, 0xb0, 0x05,
    0x4e, 0xe2, 0x95, 0x93, 0x27, 0x99, 0x77, 0x2a, 0xea, 0xe9, 0xaa, 0xdc, 0x08, 0xfc, 0xcf, 0x1c,
    0x1b, 0xe0, 0x3e, 0x02, 0xd6, 0x26, 0xd9, 0xc6, 0xfa, 0x02, 0xb2, 0xff, 0x2c, 0xb7, 0x4a, 0x19,
    0xba, 0x44, 0x0c, 0x74, 0x0f, 0xf6, 0x00, 0x0c, 0x45, 0x53, 0x3a, 0xe8, 0x1f, 0xce, 0xed, 0x10,
    0x7f, 0xf1, 0xd9, 0xb1, 0xd3, 0xc8, 0x06, 0xf6, 0x4b, 0x27, 0x4a, 0x25, 0x02, 0xe5, 0x23, 0x9f,
    0xac, 0x09, 0x9a, 0x2c, 0xa7, 0xad, 0xea, 0xdb, 0x65, 0x13, 0xd4, 0x16, 0x02, 0xe0, 0x1b, 0x0a,
    0x1e, 0x09, 0x17, 0xf2, 0xa8, 0xc4, 0xec, 0x7c, 0x45, 0x26, 0x55, 0xc5, 0x0b, 0x43, 0xf6, 0x06,
    0xc7, 0x21, 0xe8, 0x5d, 0xb8, 0x0b, 0xc3, 0xbb, 0xea, 0xf6, 0xb0, 0xe5, 0x4f, 0xea, 0x0b, 0xfb,
    0x1d, 0x38, 0x35, 0xa5, 0xd5, 0xdf, 0x04, 0x96, 0x2b, 0xea, 0x0f, 0x3a, 0x55, 0x19, 0xee, 0xc9,
    0x45, 0x28, 0xd5, 0xe4, 0xd0, 0x4f, 0xf5, 0xad, 0x1c, 0xfb, 0xd7, 0x73, 0x14, 0xab, 0x12, 0xf3,
    0x98, 0x55, 0xa8, 0xc4, 0x07, 0x5b, 0x6b, 0xec, 0x00, 0x4c, 0xda, 0x0f, 0xb5, 0xf5, 0x26, 0x23,
    0x66, 0x06, 0xad, 0xb8, 0xd6, 0xe6, 0x17, 0xe7, 0x3d, 0xc8, 0xf7, 0x7f, 0xb2, 0xf6, 0x3e, 0x3e,
    0xff, 0x55, 0xc8, 0x55, 0x04, 0x56, 0xf2, 0xa3, 0xcb, 0xd8, 0xdd, 0x18, 0xd7, 0x1c, 0xc7, 0xbb,
    0x3c, 0xc4, 0x23, 0xfb, 0x68, 0x2a, 0xed, 0xcd, 0xa3, 0xfe, 0xd7, 0x1e, 0x2a, 0x04, 0xfd, 0xc0,
    0x4b, 0x64, 0x23, 0x5b, 0xf3, 0xec, 0xd4, 0x01, 0xef, 0xdb, 0x56, 0x3e, 0xbf, 0x35, 0x9a, 0x4a,
    0xce, 0xf4, 0xb1, 0xe0, 0x58, 0xdd, 0x46, 0xce, 0xee, 0x03, 0xd7, 0x5e, 0xb9, 0xbe, 0x4d, 0x16,
    0xe5, 0x66, 0x11, 0xdd, 0xdd, 0xe2, 0x49, 0xdb, 0xcc, 0xc7, 0x6c, 0xe6, 0xad, 0xe2, 0xfe, 0x2f,
    0x6a, 0x1f, 0xf4, 0xf3, 0x5e, 0xce, 0x61, 0xdd, 0xfd, 0x17, 0xdf, 0x65, 0xf6, 0xed, 0xd0, 0x12,
    0x2d, 0x0b, 0x2d, 0x33, 0x58, 0x24, 0x32, 0xd3, 0xc0, 0x1d, 0xbd, 0x48, 0xf4, 0xe7, 0x0f, 0xc4,
    0xee, 0x7f, 0x49, 0xde, 0x06, 0xee, 0xd6, 0xb3, 0x0f, 0x02, 0xf4, 0xbd, 0x05, 0xeb, 0x11, 0xec,
    0x5a, 0xdb, 0xf1, 0xd7, 0x98, 0xfe, 0x15, 0x45, 0xf7, 0x5a, 0x15, 0xaf, 0x23, 0xfa, 0x7e, 0x84,
    0x4c, 0x3b, 0x0c, 0x45, 0x22, 0x0c, 0x8d, 0xbe, 0x0f, 0xbe, 0x5f, 0x15, 0xc1, 0xe4, 0xdf, 0x13,
    0x27, 0xfe, 0xfc, 0x20, 0xc6, 0xaf, 0xb8, 0xe7, 0x33, 0xaa, 0x38, 0xd4, 0x2a, 0xad, 0xa8, 0x4d,
    0xe5, 0xce, 0xdb, 0x0d, 0xae, 0xcd, 0x04, 0x5a, 0x42, 0xea, 0x9e, 0xee, 0x0e, 0x3e, 0x82, 0xc7,
    0x15, 0x21, 0x1e, 0x5f, 0xec, 0xbf, 0x67, 0x6c, 0xf6, 0x26, 0xa4, 0x81, 0x9d, 0xc9, 0xfe, 0x55,
    0x3a, 0x91, 0x2c, 0x6a, 0x8c, 0xb0, 0x81, 0x3f, 0xb1, 0xd7, 0x3b, 0xc3, 0xe9, 0x2e, 0x11, 0xec,
    0x05, 0x2c, 0x0a, 0x14, 0xac, 0x2b, 0xa1, 0x3a, 0x3a, 0x57, 0xdd, 0xd6, 0xd4, 0xb2, 0x16, 0xff,
    0x34, 0xe4, 0x23, 0x13, 0x1a, 0x09, 0xf7, 0xd7, 0xeb, 0x37, 0xdc, 0xa9, 0x4f, 0xe7, 0x81, 0x29,
    0x4a, 0xfa, 0x05, 0xe0, 0xf8, 0xf1, 0xf2, 0x4b, 0xd1, 0x0c, 0xa4, 0xcf, 0xc4, 0xc6, 0x4f, 0x1a,
    0x28, 0x35, 0xdb, 0xe6, 0x0d, 0xfa, 0xda, 0xc1, 0xe4, 0x2e, 0xd6, 0xa2, 0x00, 0xf0, 0xcf, 0xe9,
    0x4d, 0xfe, 0x19, 0xed, 0xcb, 0x08, 0xf4, 0x3a, 0xfc, 0xfc, 0x01, 0xef, 0x4b, 0xc9, 0x00, 0xf5,
    0x2a, 0xe0, 0x34, 0x0f, 0xa6, 0xe6, 0xd2, 0x15, 0xcd, 0xc6, 0xe9, 0xbf, 0x2b, 0x1c, 0xea, 0x5d,
    0x4c, 0xe5, 0x04, 0x3b, 0xe6, 0xe4, 0x43, 0x68, 0xbb, 0x39, 0x46, 0x3b, 0x3b, 0xe7, 0x0a, 0xb9,
    0x9b, 0xda, 0xdb, 0x6b, 0xb5, 0x17, 0xcc, 0x0a, 0x54, 0xc2, 0x44, 0x38, 0xb8, 0x96, 0xb1, 0x62,
    0x15, 0xc3, 0x06, 0x76, 0x91, 0xee, 0xde, 0x3e, 0x45, 0x06, 0xe4, 0x81, 0x21, 0xaa, 0x44, 0x42,
    0x03, 0xda, 0x5a, 0x79, 0x9a, 0x9f, 0xb9, 0xd5, 0xfe, 0x20, 0xbc, 0x19, 0xc9, 0x2e, 0xda, 0xc1,
    0x51, 0xc5, 0x01, 0xde, 0xb8, 0x02, 0xe4, 0xef, 0x20, 0x26, 0xa4, 0xc9, 0x06, 0xaf, 0xdc, 0x95,
    0xa8, 0x17, 0xaa, 0x38, 0x44, 0xe6, 0x89, 0x30, 0x35, 0xd6, 0xb7, 0x6d, 0x32, 0xce, 0x3c, 0x34,
    0xff, 0x54, 0x94, 0xf3, 0x10, 0x1e, 0xe1, 0xd0, 0xaf, 0x9c, 0x2a, 0x75, 0x5e, 0x59, 0x98, 0x54,
    0xfc, 0x23, 0xa2, 0xde, 0x23, 0x2a, 0x23, 0xd7, 0xf4, 0xd9, 0x2b, 0x1d, 0x06, 0x0c, 0x7f, 0xc1,
    0xf6, 0xe1, 0xdf, 0xde, 0xbf, 0x24, 0xd7, 0xd8, 0x46, 0x2a, 0xbc, 0x5a, 0x21, 0xf5, 0x05, 0xf9,
    0xfe, 0x38, 0x1e, 0x00, 0xd5, 0xfc, 0x23, 0xb3, 0xf4, 0xb2, 0x83, 0x16, 0x00, 0xb8, 0x40, 0xb5,
    0x13, 0x57, 0x43, 0x00, 0x6d, 0x5e, 0x16, 0xce, 0xef, 0xa2, 0x34, 0x50, 0x90, 0x1d, 0x12, 0x3d,
    0x3d, 0xb2, 0x4a, 0x0c, 0x11, 0x0e, 0x1c, 0x9e, 0xd1, 0x33, 0xd7, 0xb9, 0x05, 0x08, 0xdb, 0x1a,
    0x23, 0x81, 0x12, 0x53, 0xcf, 0xf7, 0xdb, 0xfa, 0x02, 0x63, 0x42, 0xca, 0x03, 0xe9, 0x47, 0xce,
    0x17, 0xb3, 0xd8, 0x47, 0xdb, 0xfd, 0xba, 0x0c, 0x21, 0x28, 0x22, 0x23, 0x05, 0xdf, 0xe2, 0xaa,
    0x09, 0xf6, 0xdd, 0xfa, 0xd0, 0xee, 0x23, 0x03, 0xd7, 0x2c, 0xb7, 0xb2, 0xe6, 0x09, 0x3e, 0x57,
    0xf6, 0xc9, 0x26, 0x09, 0xe5, 0xe8, 0x40, 0xb6, 0x2b, 0x2e, 0xd0, 0xeb, 0x20, 0xc7, 0xb0, 0x21,
    0xc7, 0x07, 0xae, 0xe5, 0x06, 0xe2, 0x58, 0x61, 0xee, 0x23, 0xd7, 0xd7, 0xcd, 0x09, 0xf2, 0xf7,
    0xa6, 0xc2, 0xe4, 0x4b, 0xf1, 0x9b, 0xa6, 0x0d, 0xd0, 0x2b, 0xf4, 0xbc, 0xc8, 0x4c, 0xcc, 0xba,
    0x3c, 0xf4, 0x23, 0x1a, 0xbb, 0x15, 0x00, 0x19, 0xc2, 0x56, 0x45, 0xc0, 0x46, 0xe9, 0x6a, 0x14,
    0x99, 0xd9, 0x5d, 0x3c, 0x20, 0x2d, 0xb4, 0xd1, 0x62, 0xad, 0x4c, 0x2b, 0x15, 0x39, 0x48, 0xfb,
    0xae, 0x1a, 0xef, 0x5a, 0x8f, 0x0f, 0x49, 0xdd, 0x4b, 0x1f, 0x07, 0x3e, 0xa7, 0x60, 0x5c, 0x90,
    0xdf, 0x3c, 0xb8, 0x1a, 0xb2, 0x1d, 0xe4, 0x4b, 0x42, 0x56, 0xfd, 0xcc, 0xc2, 0xc0, 0x2a, 0xac,
    0x69, 0xb8, 0x40, 0x2a, 0x0e, 0xce, 0x2b, 0x55, 0xf9, 0xd7, 0xe1, 0x06, 0x21, 0x21, 0xda, 0xb7,
    0x9f, 0x04, 0xd7, 0x0a, 0x81, 0xf3, 0x41, 0xd3, 0xc4, 0xdf, 0x04, 0xfa, 0x27, 0xe5, 0xf2, 0x61,
    0xc6, 0x20, 0x51, 0xb7, 0xf3, 0xbb, 0x35, 0x98, 0x98, 0x00, 0xcd, 0x2d, 0xf8, 0xb8, 0x35, 0x2c,
    0xdc, 0x1b, 0xd1, 0x8f, 0x15, 0x0c, 0x70, 0x44, 0x19, 0x39, 0xbb, 0x61, 0xa1, 0x2c, 0x2b, 0x5d,
    0x05, 0x1b, 0x23, 0xca, 0xcb, 0xe4, 0xfd, 0x26, 0x23, 0x09, 0xab, 0xe5, 0x2b, 0xd6, 0x2f, 0x29,
    0x46, 0xf7, 0xd1, 0x81, 0x00, 0xc0, 0xd6, 0x40, 0xdc, 0xde, 0x48, 0xc6, 0x16, 0xbe, 0xe8, 0x32,
    0x2e, 0xcb, 0xf8, 0x5b, 0x5e, 0xdb, 0x05, 0xd2, 0x27, 0xe9, 0xc5, 0x01, 0x44, 0xf0, 0x2d, 0x32,
    0xfb, 0x19, 0x40, 0xe3, 0x47, 0x07, 0x4f, 0x38, 0xf2, 0xb0, 0x03, 0x76, 0xd1, 0xca, 0xd2, 0x48,
    0x4e, 0x5e, 0x39, 0x23, 0x1b, 0x08, 0x1e, 0xda, 0xdf, 0xe7, 0x48, 0x18, 0x97, 0xc0, 0xb4, 0x23,
    0xba, 0x31, 0xfe, 0xb3, 0x37, 0xec, 0xbc, 0xc9, 0x01, 0xfe, 0x2f, 0x34, 0x45, 0x1a, 0x14, 0x02,
    0xba, 0x67, 0xd1, 0x1c, 0xdc, 0x3b, 0x21, 0x81, 0x4d, 0x34, 0xb1, 0xbd, 0x1e, 0x3f, 0xc4, 0x1b,
    0xdc, 0x44, 0xc8, 0xf0, 0x00, 0xf7, 0xc6, 0xbb, 0xe7, 0xbd, 0xba, 0x79, 0x08, 0xb0, 0x17, 0x37,
    0x30, 0xee, 0x52, 0x40, 0xf8, 0x38, 0x3e, 0xf6, 0x25, 0xa7, 0x02, 0xf6, 0xb0, 0xd1, 0x1d, 0x20,
    0x4c, 0x1c, 0x23, 0xdc, 0xfd, 0x31, 0x2b, 0x29, 0x3c, 0x4c, 0x2b, 0xad, 0xdd, 0xdc, 0x06, 0xc4,
    0xfe, 0xf2, 0x1f, 0xe5, 0xbf, 0x50, 0x1c, 0x4e, 0x17, 0x3c, 0xcb, 0x00, 0xab, 0xa1, 0x17, 0xbf,
    0x55, 0x1f, 0x4b, 0x13, 0xee, 0xf2, 0x06, 0xb4, 0xc8, 0xa3, 0x0e, 0x93, 0x5b, 0xb0, 0x07, 0x1d,
    0xee, 0x87, 0xcd, 0x31, 0x18, 0xd9, 0xb3, 0xa0, 0xdb, 0x41, 0x19, 0xa0, 0x18, 0xa8, 0x2d, 0xcf,
    0x0d, 0x23, 0x17, 0x00, 0xe8, 0x03, 0xc4, 0x1a, 0x09, 0x44, 0x51, 0x1e, 0xed, 0x2a, 0x36, 0xf6,
    0x1f, 0x81, 0xb8, 0xbe, 0xdd, 0x09, 0x3d, 0xc8, 0x22, 0x67, 0xb6, 0x9d, 0x48, 0x92, 0x41, 0x28,
    0x23, 0xab, 0xa9, 0x13, 0x25, 0x43, 0x2f, 0xb3, 0xa1, 0xe9, 0x54, 0xe3, 0x4d, 0x19, 0x8b, 0x03,
    0x76, 0x96, 0xce, 0x18, 0xc3, 0xd0, 0xc4, 0x2c, 0x3c, 0x76, 0x54, 0xe6, 0xd3, 0x53, 0xe4, 0x8c,
    0x54, 0x02, 0xeb, 0x1e, 0x42, 0x3f, 0x1d, 0x88, 0x49, 0x51, 0xb0, 0xe1, 0xdf, 0xfc, 0xc9, 0x83,
    0x4e, 0xf2, 0x05, 0x5e, 0x58, 0xe1, 0xbf, 0x7f, 0x11, 0x22, 0xff, 0x50, 0xed, 0xdb, 0x43, 0x4a,
    0x61, 0xd5, 0xaf, 0x54, 0xc6, 0xdb, 0xa6, 0x37, 0xd6, 0xee, 0x1e, 0xeb, 0xbb, 0x1c, 0xca, 0x35,
    0xcc, 0xf1, 0xe4, 0xf0, 0xc0, 0x63, 0x0e, 0xc2, 0x47, 0x06, 0xca, 0xd7, 0xe1, 0x23, 0xce, 0xf2,
    0x9c, 0x48, 0xa7, 0x0f, 0xee, 0xba, 0xfc, 0x33, 0xce, 0xd0, 0x32, 0xdc, 0x15, 0xa8, 0xce, 0xc6,
    0x2b, 0x71, 0x20, 0xc2, 0x2d, 0xcb, 0xc5, 0xde, 0xfe, 0x10, 0xe6, 0xc3, 0xfd, 0x32, 0x2e, 0x41,
    0xb5, 0xa1, 0xd0, 0xb9, 0x02, 0x37, 0x52, 0xf3, 0xa1, 0xf4, 0xcf, 0x47, 0xb0, 0xbe, 0x03, 0x2a,
    0xbd, 0xe8, 0x05, 0xd3, 0xf8, 0x43, 0x12, 0x0a, 0xc7, 0xfd, 0x55, 0x0b, 0xa1, 0x31, 0xb0, 0xce,
    0x21, 0xfe, 0xa4, 0xaf, 0x26, 0x63, 0x21, 0xdf, 0x9e, 0x5e, 0xac, 0x57, 0x01, 0xf9, 0x56, 0x1f,
    0xb1, 0x7f, 0xda, 0xf6, 0x08, 0x26, 0xfe, 0xab, 0xd7, 0xfe, 0xd5, 0x34, 0xdb, 0x3a, 0xbd, 0x21,
    0xfb, 0x56, 0xb0, 0xfb, 0x5f, 0x21, 0xcc, 0x8e, 0xbf, 0x22, 0xe1, 0x2d, 0xfa, 0xb9, 0xcd, 0x30,
    0x6c, 0x75, 0xc4, 0x3e, 0xe3, 0xdb, 0xec, 0xdc, 0x4d, 0x57, 0x2e, 0xd0, 0x4d, 0x1a, 0xad, 0x20,
    0x15, 0xdb, 0xdf, 0xe8, 0xd7, 0x47, 0x60, 0xa1, 0x32, 0x9e, 0xf7, 0x38, 0xf6, 0xd2, 0x4c, 0x1b,
    0xf0, 0x32, 0xbf, 0x0f, 0xe7, 0x50, 0x3a, 0x20, 0x03, 0x44, 0x3f, 0x48, 0xe3, 0x77, 0xd5, 0x57,
    0xcf, 0x0c, 0x9f, 0xd3, 0xfd, 0x3f, 0x31, 0x0b, 0xa5, 0x24, 0xb2, 0x50, 0xbb, 0xdb, 0xfe, 0xca,
    0xa9, 0xe4, 0x31, 0x1f, 0xc4, 0x61, 0xba, 0x1d, 0x5e, 0x36, 0x52, 0xd6, 0x15, 0x7f, 0x06, 0xe9,
    0x34, 0x1e, 0xb1, 0xa8, 0xd8, 0xe6, 0xf7, 0x28, 0x3e, 0xdd, 0x4d, 0x19, 0x00, 0x3b, 0xdc, 0x29,
    0x14, 0xed, 0xfc, 0x24, 0x28, 0xe4, 0xe6, 0xfb, 0x00, 0x5e, 0xe3, 0x8e, 0x33, 0xac, 0x73, 0x81,
    0xaf, 0xe1, 0xc6, 0x38, 0x32, 0x37, 0xdd, 0x32, 0x1e, 0xa7, 0xa7, 0x4e, 0xe2, 0xf3, 0x0a, 0x12,
    0x2e, 0xe8, 0x85, 0xf6, 0x41, 0xf1, 0xf1, 0x6b, 0x42, 0x37, 0xd2, 0xda, 0x57, 0x9d, 0x17, 0xe5,
    0xa3, 0x94, 0x46, 0x15, 0xfc, 0x86, 0xa8, 0x37, 0x47, 0x34, 0x0d, 0xb9, 0xc4, 0xc7, 0xf6, 0x29,
    0x3b, 0xb0, 0x35, 0xd4, 0x03, 0x41, 0xac, 0x21, 0x01, 0xe3, 0x52, 0x21, 0xff, 0x36, 0xc2, 0x11,
    0xf1, 0x32, 0xad, 0x37, 0x0a, 0xad, 0x8b, 0xc4, 0x13, 0xb0, 0x33, 0x67, 0x1f, 0x94, 0x2e, 0xd4,
    0x17, 0x4f, 0x5a, 0x40, 0x43, 0xea, 0x11, 0x98, 0x2f, 0xba, 0x07, 0xe6, 0xf0, 0xd8, 0x14, 0x40,
    0x08, 0xb0, 0x1d, 0x20, 0xf2, 0x31, 0x11, 0x93, 0xf2, 0x1e, 0xfa, 0x5f, 0xde, 0x25, 0x57, 0x48,
    0x27, 0xdf, 0xd9, 0xc4, 0x53, 0x26, 0x3c, 0x92, 0x58, 0xe9, 0xaa, 0xcd, 0xb2, 0x1a, 0xa8, 0x0e,
    0x05, 0xc2, 0x9b, 0x24, 0xf6, 0x5f, 0x04, 0x1f, 0x0b, 0xb3, 0xfb, 0xc5, 0x33, 0x8b, 0xe5, 0x7f,
    0xd6, 0xed, 0xbd, 0xce, 0x25, 0x5d, 0x23, 0xb2, 0xd1, 0x0c, 0xeb, 0x58, 0xc0, 0x58, 0xc7, 0xa8,
    0x41, 0x07, 0x1b, 0xea, 0xd2, 0xc2, 0x58, 0xee, 0x3f, 0x60, 0x26, 0xe4, 0x3c, 0xbc, 0xc7, 0x6b,
    0x2c, 0x1e, 0x48, 0x26, 0x46, 0x0b, 0x92, 0xba, 0x99, 0xc8, 0x3a, 0x23, 0x1f, 0xf6, 0xab, 0x30,
    0x21, 0x09, 0x2b, 0x9a, 0x5b, 0x9f, 0xdd, 0x5b, 0xe7, 0x40, 0xdf, 0xb1, 0x20, 0xbe, 0xd8, 0x69,
    0x01, 0x66, 0x63, 0x4c, 0xd3, 0xfb, 0xff, 0xeb, 0x87, 0x81, 0xc9, 0xad, 0x96, 0x27, 0xb6, 0xc2,
    0x50, 0xfd, 0x98, 0x0e, 0x45, 0x62, 0x66, 0xfc, 0x5c, 0x99, 0xb8, 0x46, 0x97, 0xf1, 0xc0, 0x66,
    0xce, 0xba, 0xdc, 0xc4, 0x57, 0x16, 0x22, 0xda, 0x0c, 0xc1, 0x3d, 0x72, 0x01, 0xbf, 0x1e, 0x1b,
    0x31, 0xc9, 0x05, 0x90, 0x1e, 0x6e, 0xc3, 0x09, 0xf7, 0x35, 0x2d, 0xe3, 0x5c, 0x30, 0xca, 0xe6,
    0xc1, 0xe0, 0xc8, 0x2e, 0x40, 0x15, 0xfe, 0xa5, 0x97, 0xc9, 0x11, 0xec, 0x1f, 0x1a, 0x17, 0xb7,
    0x30, 0xaa, 0x2f, 0xe4, 0x7f, 0x25, 0x31, 0x12, 0xef, 0x32, 0xd3, 0x31, 0xfa, 0x5c, 0x4c, 0x22,
    0xbb, 0xed, 0x61, 0x14, 0x13, 0xde, 0xaf, 0xab, 0xb2, 0xc5, 0x02, 0xfe, 0x18, 0xe9, 0x58, 0x29,
    0x6e, 0xad, 0x4a, 0xf0, 0x0b, 0x2a, 0xb0, 0x36, 0x4a, 0xc4, 0xcc, 0xff, 0xd6, 0x01, 0xaf, 0x6b,
    0xb9, 0xc3, 0x09, 0x48, 0x29, 0xf4, 0xf2, 0x28, 0x3c, 0xe3, 0x49, 0xb4, 0xa6, 0x30, 0xd5, 0x6a,
    0x6a, 0xad, 0xbc, 0x0d, 0xed, 0xf7, 0x32, 0x1a, 0xe8, 0xef, 0xaf, 0x2f, 0x19, 0xfd, 0xda, 0xf4,
    0x10, 0xe2, 0x35, 0xb7, 0xee, 0xc3, 0xf2, 0x0c, 0xa5, 0x02, 0x34, 0x08, 0x35, 0x33, 0xd0, 0x02,
    0x58, 0x1d, 0x37, 0xb4, 0xd0, 0x1b, 0x34, 0xcb, 0xce, 0x49, 0x34, 0x4b, 0x99, 0xd8, 0xeb, 0x56,
    0xf1, 0xe7, 0x44, 0xac, 0x09, 0x86, 0x2b, 0xc9, 0xb7, 0x2c, 0x3c, 0xe2, 0xf2, 0xf7, 0x07, 0x31,
    0x50, 0xa5, 0x29, 0xf4, 0xe6, 0x2c, 0x5a, 0xd1, 0x3a, 0x20, 0x22, 0xc0, 0x04, 0x4e, 0xcf, 0x57,
    0xdd, 0xba, 0x4d, 0xa8, 0x35, 0x29, 0x4c, 0x1d, 0x11, 0xb2, 0xcd, 0x41, 0xc3, 0x26, 0xf5, 0x63,
    0x01, 0x9e, 0xc9, 0x81, 0xd4, 0xe4, 0x59, 0x13, 0xb4, 0x16, 0xd8, 0xc0, 0xac, 0x09, 0x41, 0x05,
    0x04, 0x35, 0x43, 0xfd, 0x33, 0x1c, 0xce, 0xbf, 0xfe, 0xa8, 0xfc, 0x4b, 0x3b, 0xe5, 0xf9, 0x3c,
    0x1a, 0xc4, 0x19, 0x23, 0xff, 0xe0, 0x36, 0x01, 0xd7, 0x02, 0xae, 0xdc, 0xc4, 0x25, 0x40, 0x48,
    0x23, 0x2f, 0xaa, 0x06, 0xdf, 0xb3, 0x0d, 0xf8, 0xa6, 0x1b, 0xdc, 0x1b, 0x3d, 0x0a, 0x11, 0xe0,
    0xf7, 0xb0, 0xa4, 0x13, 0x45, 0x0e, 0x19, 0xae, 0x33, 0xd1, 0xa4, 0x0c, 0xe4, 0xc6, 0x5e, 0x2e,
    0xc1, 0x04, 0x0a, 0xbe, 0x38, 0xe4, 0xf3, 0xfe, 0xec, 0x21, 0x47, 0x37, 0xba, 0xf6, 0xdc, 0xfc,
    0x5d, 0xef, 0xcf, 0xee, 0x5e, 0x53, 0x7f, 0x18, 0x2c, 0x2b, 0x13, 0x48, 0x05, 0xd0, 0xca, 0x42,
    0xc1, 0xbd, 0x53, 0x32, 0x2b, 0x03, 0x18, 0x8f, 0xf9, 0xab, 0x0d, 0x4e, 0x17, 0x2c, 0xfc, 0x41,
    0xd4, 0x02, 0xac, 0x0c, 0x4f, 0x40, 0x23, 0xea, 0x07, 0x11, 0x2a, 0x04, 0x24, 0xd2, 0x2c, 0x59,
    0xa5, 0x16, 0x44, 0x0c, 0x09, 0x9b, 0x29, 0x9d, 0xd0, 0xc9, 0xbc, 0xe5, 0x82, 0xe7, 0x2f, 0x47,
    0xfd, 0xfd, 0x2d, 0xb4, 0x7f, 0x1b, 0x13, 0xe9, 0xda, 0x13, 0x19, 0xe7, 0xc7, 0xda, 0x53, 0x7b,
    0x32, 0xd9, 0x1b, 0xed, 0xd8, 0x9c, 0xd2, 0x1c, 0x91, 0xfd, 0xe1, 0xfb, 0x9e, 0x28, 0x38, 0x00,
    0x17, 0x0b, 0xc1, 0xae, 0xe2, 0xf2, 0x2b, 0xc2, 0xd7, 0x0c, 0x2d, 0x41, 0xd3, 0x23, 0x63, 0xda,
    0xc4, 0x10, 0xd0, 0x4e, 0x6b, 0x93, 0xa9, 0x0f, 0xec, 0xaa, 0x4f, 0x36, 0x3d, 0xcb, 0xe6, 0x34,
    0x0b, 0xd4, 0xca, 0xe3, 0xd4, 0xf9, 0x3e, 0xe6, 0x4e, 0x3a, 0x37, 0x2d, 0x81, 0x68, 0x6e, 0xd1,
    0xce, 0x30, 0xab, 0xae, 0xe6, 0xba, 0xbb, 0x50, 0x1b, 0xd9, 0x28, 0x1a, 0xf3, 0xb5, 0x00, 0xf4,
    0xae, 0xb8, 0xcc, 0x1b, 0xe4, 0xfe, 0x59, 0xbf, 0x3f, 0xfc, 0xf3, 0xab, 0xb1, 0x2e, 0xb3, 0x1c,
    0x16, 0xe2, 0xdb, 0x42, 0x3e, 0xe4, 0xeb, 0x13, 0xec, 0xb5, 0xa5, 0x2d, 0xee, 0x41, 0x1a, 0x40,
    0xfc, 0x36, 0x04, 0xc5, 0x4b, 0x1a, 0xff, 0xab, 0xcb, 0xea, 0x50, 0x18, 0xc8, 0x41, 0xb6, 0xf9,
    0xed, 0xd5, 0xe7, 0x10, 0x46, 0x28, 0xb5, 0xb6, 0xab, 0xd5, 0xa3, 0xb6, 0x49, 0xc6, 0xcd, 0x3c,
    0xc1, 0xd2, 0x98, 0x25, 0x05, 0xf2, 0xbd, 0xea, 0xf4, 0x3d, 0x2a, 0xb1, 0x32, 0x18, 0x2d, 0xef,
    0x11, 0x32, 0xab, 0x5a, 0x28, 0x05, 0xe7, 0x7a, 0xb9, 0xe7, 0xc9, 0xb6, 0x51, 0x96, 0x9f, 0x18,
    0x95, 0xd1, 0x26, 0x12, 0xfe, 0x0b, 0xfd, 0x59, 0x19, 0xba, 0xa9, 0xb6, 0xbc, 0xd9, 0x17, 0x18,
    0xb6, 0xaf, 0xab, 0x0f, 0x4e, 0x03, 0xfd, 0x76, 0xf4, 0x7f, 0xf2, 0xde, 0xee, 0x0b, 0xd6, 0xe7,
    0x29, 0xa2, 0x28, 0x7a, 0x01, 0xc1, 0x12, 0xec, 0x0f, 0xee, 0xba, 0xb6, 0x5f, 0x07, 0xe4, 0x3d,
    0xbe, 0x66, 0xe2, 0x24, 0xe3, 0xec, 0xa5, 0x93, 0x2f, 0x37, 0xfb, 0x48, 0x58, 0x1b, 0xca, 0xbd,
    0xe9, 0xc0, 0x9c, 0x21, 0x6c, 0x0f, 0x11, 0x1c, 0x44, 0xe4, 0xdb, 0x22, 0x7f, 0xab, 0x55, 0x1d,
    0xef, 0x12, 0x1e, 0x03, 0xe1, 0x03, 0xa6, 0xe0, 0x3a, 0x43, 0x2e, 0xa0, 0xab, 0x23, 0xfd, 0x0f,
    0x2e, 0xda, 0xc7, 0x18, 0x35, 0xeb, 0x0e, 0x11, 0x21, 0xfd, 0xb1, 0x52, 0x42, 0xe9, 0x3c, 0xe9,
    0xbe, 0x20, 0x02, 0xd9, 0x42, 0x50, 0xd0, 0xde, 0xf2, 0x43, 0x38, 0xe2, 0x35, 0x41, 0xe9, 0xe0,
    0xdf, 0xf6, 0x16, 0xb0, 0x17, 0x22, 0x24, 0xee, 0x68, 0xc2, 0x20, 0xb8, 0x14, 0xb9, 0xee, 0xba,
    0xd7, 0x2b, 0x0b, 0x24, 0xbd, 0x0d, 0x2d, 0xe4, 0x24, 0xf1, 0x9f, 0x2d, 0xf9, 0x14, 0xe9, 0xf5,
    0xd6, 0x4e, 0x27, 0x35, 0xf3, 0xac, 0xec, 0xcb, 0x4c, 0x46, 0xd1, 0x9e, 0xab, 0x57, 0xed, 0xf9,
    0x77, 0xd3, 0xb1, 0xbb, 0xf3, 0x09, 0x8f, 0x26, 0x1a, 0xba, 0x20, 0xb5, 0xc0, 0x2c, 0x40, 0x2d,
    0x21, 0xb1, 0xd8, 0x6d, 0xe2, 0xc9, 0x81, 0x5e, 0x38, 0x96, 0x3c, 0x1f, 0xb9, 0xe9, 0x9f, 0x0a,
    0x40, 0xea, 0x28, 0x32, 0xdf, 0x34, 0xbf, 0x10, 0x38, 0xdb, 0xd5, 0xb7, 0x04, 0xff, 0xcb, 0x4a,
    0xd8, 0xd0, 0x23, 0x1f, 0xe9, 0xce, 0x92, 0x23, 0x22, 0xb8, 0x05, 0x2f, 0x37, 0x02, 0x22, 0x3f,
    0x52, 0x40, 0xbf, 0x22, 0xad, 0xfe, 0xf9, 0xbb, 0x4f, 0xf1, 0xb5, 0xc9, 0x3f, 0x26, 0x1c, 0x23,
    0x31, 0x57, 0xe0, 0xc2, 0x47, 0xcd, 0x46, 0x1e, 0x2e, 0x0f, 0xe3, 0xd2, 0x9d, 0xdc, 0x3c, 0xb9,
    0xc1, 0x6c, 0xa7, 0x02, 0xd5, 0x58, 0x40, 0x13, 0x4f, 0xc6, 0x72, 0x32, 0x30, 0xf1, 0xb2, 0x06,
    0xcd, 0xfe, 0x39, 0xd4, 0xd6, 0x0b, 0xc0, 0x21, 0xd9, 0x1b, 0xd4, 0xd7, 0xaa, 0xc4, 0x47, 0x26,
    0x1d, 0x7f, 0xce, 0xf5, 0x37, 0xf3, 0xdd, 0xea, 0xd0, 0x34, 0xb3, 0xfc, 0x3c, 0x4c, 0x23, 0x26,
    0x5a, 0x3b, 0x00, 0xc3, 0xf5, 0xf4, 0x36, 0xc0, 0x20, 0x12, 0xbf, 0x29, 0xf6, 0xf0, 0xc3, 0x1b,
    0x25, 0xd5, 0x49, 0x34, 0xee, 0x71, 0x29, 0xc7, 0x14, 0x4f, 0x13, 0xaf, 0xb0, 0xd3, 0xbf, 0xc6,
    0xfc, 0x48, 0xb3, 0x07, 0xe4, 0xc9, 0x1d, 0xe4, 0x3e, 0xe1, 0x94, 0x36, 0x33, 0x0d, 0x38, 0xb0,
    0x1f, 0x45, 0x9f, 0xfa, 0x4c, 0x66, 0x3f, 0x81, 0x27, 0x10, 0x62, 0xfc, 0x9b, 0xf8, 0x4e, 0x41,
    0x0e, 0x3d, 0xe1, 0x18, 0xe4, 0xe3, 0x54, 0x91, 0x41, 0x18, 0x1b, 0x2c, 0x24, 0xe5, 0xc9, 0x07,
    0xd1, 0xd7, 0xdb, 0xe5, 0xce, 0xe6, 0x22, 0xe9, 0x33, 0xe4, 0xda, 0x1d, 0x1d, 0x43, 0x39, 0x15,
    0x15, 0x2e, 0x47, 0x38, 0x48, 0xa8, 0xed, 0xe6, 0x7e, 0xfc, 0xff, 0xff, 0x04, 0x00, 0x00, 0x00,
    0x80, 0x00, 0x00, 0x00, 0x6e, 0x0e, 0x00, 0x00, 0xc3, 0xdd, 0xff, 0xff, 0x3d, 0x9f, 0xff, 0xff,
    0x8c, 0x62, 0xff, 0xff, 0x48, 0x09, 0x00, 0x00, 0x7a, 0xf4, 0xff, 0xff, 0xb0, 0xa1, 0xff, 0xff,
    0x78, 0x90, 0x00, 0x00, 0x5c, 0x76, 0x00, 0x00, 0x7c, 0x99, 0x00, 0x00, 0xcf, 0xb7, 0xff, 0xff,
    0x9c, 0xcb, 0x00, 0x00, 0xc8, 0xaa, 0xff, 0xff, 0xe1, 0xd6, 0xff, 0xff, 0x75, 0xc4, 0xff, 0xff,
    0x50, 0x96, 0x00, 0x00, 0xd1, 0x04, 0x00, 0x00, 0x52, 0xb0, 0x00, 0x00, 0xe8, 0x6d, 0xff, 0xff,
    0xff, 0x46, 0x00, 0x00, 0x07, 0x0d, 0x00, 0x00, 0xd0, 0x06, 0x00, 0x00, 0x31, 0xd3, 0xff, 0xff,
    0x56, 0x1a, 0x00, 0x00, 0x61, 0xf8, 0xff, 0xff, 0xdd, 0x3b, 0x00, 0x00, 0xf9, 0x32, 0x00, 0x00,
    0x05, 0xc2, 0x00, 0x00, 0x47, 0xbf, 0xff, 0xff, 0xff, 0xb1, 0x00, 0x00, 0xe6, 0x9c, 0xff, 0xff,
    0xc8, 0xb8, 0xff, 0xff, 0x0a, 0xfd, 0xff, 0xff, 0x04, 0x00, 0x00, 0x00, 0x00, 0x02, 0x00, 0x00,
    0x5a, 0x26, 0x10, 0xd4, 0xcb, 0xe9, 0xc1, 0x3e, 0x32, 0x54, 0xee, 0x9b, 0xad, 0x18, 0xac, 0x8e,
    0x53, 0x0c, 0x46, 0xb1, 0xe6, 0xe2, 0x81, 0x23, 0xae, 0x27, 0x2d, 0x5f, 0xc7, 0x08, 0x42, 0x8f,
    0xfd, 0xbd, 0xdd, 0x12, 0x72, 0xa3, 0x81, 0x6d, 0x65, 0x03, 0xc5, 0xe8, 0x2c, 0x04, 0xa1, 0xb4,
    0x2c, 0x18, 0x68, 0x23, 0xaa, 0xcf, 0xef, 0xea, 0xe6, 0x88, 0x37, 0x42, 0x82, 0x29, 0x56, 0xb3,
    0x48, 0x12, 0xf5, 0x13, 0xa8, 0x06, 0xe5, 0x89, 0xbf, 0xe7, 0xd7, 0x58, 0x25, 0x7f, 0x00, 0xb5,
    0x29, 0xea, 0xae, 0xe8, 0x7a, 0x73, 0x37, 0x77, 0xb8, 0x78, 0xf0, 0x61, 0x25, 0xa0, 0x4c, 0x74,
    0x7f, 0xa9, 0x22, 0x73, 0x9e, 0x29, 0x81, 0x3e, 0x29, 0x3d, 0xfd, 0x9b, 0x44, 0xc3, 0x4d, 0x3b,
    0x9d, 0xfc, 0x94, 0x5d, 0x48, 0xef, 0xb0, 0xdd, 0xce, 0x2c, 0xcd, 0xd5, 0xda, 0x29, 0xfc, 0x3f,
    0x4c, 0x27, 0x40, 0xe8, 0x01, 0x74, 0xa6, 0x51, 0xa1, 0xa9, 0x7c, 0xea, 0x67, 0x38, 0xe1, 0x66,
    0x87, 0x7f, 0x49, 0xf7, 0x00, 0x07, 0x4b, 0x8e, 0x70, 0xa6, 0x63, 0x74, 0xd1, 0x5d, 0x43, 0x31,
    0xef, 0x9c, 0x0b, 0xc0, 0x68, 0x19, 0x91, 0x53, 0x57, 0x7a, 0xd5, 0x7d, 0x1e, 0xb7, 0x9f, 0x61,
    0x6f, 0x90, 0xa8, 0x42, 0x3e, 0x2c, 0xdb, 0xc5, 0x50, 0xc4, 0x82, 0x65, 0x25, 0x7f, 0xb8, 0x5c,
    0x34, 0x7d, 0x60, 0xa3, 0xe5, 0x43, 0xf0, 0x4d, 0xc4, 0x93, 0x7f, 0x3c, 0x2f, 0xc2, 0xc2, 0x97,
    0x28, 0x73, 0xcf, 0x49, 0xaa, 0x34, 0xd8, 0x37, 0x36, 0x25, 0x3e, 0x6c, 0xee, 0x46, 0x10, 0xfc,
    0x86, 0xc9, 0xf5, 0xbb, 0x0f, 0x99, 0x0c, 0x1d, 0x63, 0x94, 0x9b, 0x2c, 0x3a, 0x90, 0xcb, 0x1a,
    0xc8, 0x81, 0x1a, 0x87, 0xed, 0xe1, 0x72, 0xcc, 0x04, 0xff, 0x70, 0x3d, 0x64, 0x21, 0x1f, 0xe2,
    0x1d, 0x7c, 0x4a, 0xed, 0xaa, 0xbc, 0xc5, 0x00, 0x7c, 0x83, 0xef, 0xff, 0xc8, 0x45, 0x87, 0xe5,
    0xfc, 0x14, 0x49, 0xf2, 0x06, 0x65, 0x73, 0x6c, 0x14, 0x43, 0x5a, 0xb2, 0x08, 0xbe, 0xa7, 0x81,
    0x7f, 0xd3, 0x46, 0xb0, 0x98, 0x8a, 0xc8, 0x9f, 0x6f, 0x60, 0x9c, 0xfd, 0xd2, 0x74, 0x62, 0x30,
    0xab, 0xe3, 0x1e, 0xc6, 0x64, 0xca, 0x2f, 0x2e, 0x6b, 0x73, 0x9f, 0x45, 0x94, 0x23, 0x1e, 0x91,
    0xd7, 0x06, 0x0d, 0x89, 0x08, 0x98, 0xe1, 0x1f, 0x15, 0x6e, 0xf3, 0xfe, 0x7e, 0x65, 0x4e, 0xfd,
    0xfb, 0x87, 0x2b, 0x47, 0x1d, 0xc9, 0xa4, 0xaf, 0x81, 0xa2, 0x36, 0x4f, 0x8d, 0x7d, 0x4d, 0xba,
    0x84, 0x66, 0x39, 0xcd, 0x4b, 0x12, 0xe7, 0x1a, 0x47, 0x49, 0x51, 0x50, 0x08, 0x0b, 0x89, 0x57,
    0x99, 0x81, 0x02, 0xb6, 0x8f, 0xa7, 0x1c, 0xb1, 0x24, 0x41, 0xb4, 0x4c, 0x28, 0x9d, 0x33, 0x6e,
    0x5d, 0xeb, 0x35, 0x0d, 0xc9, 0xfd, 0x71, 0x1c, 0x89, 0x95, 0xd9, 0xd1, 0x79, 0x66, 0xfd, 0xa7,
    0xae, 0xbe, 0x4e, 0x9d, 0x48, 0x81, 0xde, 0x1c, 0x35, 0x3a, 0xed, 0xeb, 0x40, 0x30, 0x30, 0x1a,
    0x7d, 0x74, 0x30, 0xf1, 0x5f, 0x43, 0x7f, 0x1c, 0x5c, 0xb3, 0x4b, 0xd1, 0xcc, 0xde, 0x3a, 0x22,
    0x25, 0x35, 0x19, 0xaa, 0xb3, 0xca, 0x9d, 0xb0, 0x31, 0xec, 0x1f, 0x3c, 0xec, 0x18, 0x20, 0x09,
    0xfc, 0x2b, 0x27, 0xda, 0x3d, 0x08, 0x13, 0x97, 0xe9, 0x39, 0x5e, 0x19, 0x1f, 0x77, 0x4b, 0xc7,
    0xd6, 0x3e, 0x37, 0xcd, 0x68, 0x74, 0x95, 0x00, 0x7f, 0xbb, 0xf9, 0xd6, 0x4e, 0xd2, 0x28, 0x3a,
    0x8a, 0xde, 0xb6, 0x98, 0x95, 0xb9, 0xe7, 0xf3, 0x4d, 0xc5, 0x30, 0x73, 0xf9, 0x1f, 0xb4, 0x7f,
    0xc0, 0xb4, 0x2f, 0x7f, 0x02, 0xc5, 0xc1, 0xb4, 0x1b, 0x0e, 0x56, 0x37, 0xa7, 0xf0, 0x4e, 0x91,
    0x16, 0xff, 0xff, 0xff, 0x04, 0x00, 0x00, 0x00, 0x40, 0x00, 0x00, 0x00, 0xbe, 0xfe, 0xff, 0xff,
    0x49, 0x15, 0x00, 0x00, 0x0f, 0xff, 0xff, 0xff, 0x32, 0xf2, 0xff, 0xff, 0x27, 0xf8, 0xff, 0xff,
    0x58, 0x18, 0x00, 0x00, 0x30, 0xfe, 0xff, 0xff, 0x34, 0x15, 0x00, 0x00, 0xb9, 0xf3, 0xff, 0xff,
    0xa0, 0xf9, 0xff, 0xff, 0xba, 0x15, 0x00, 0x00, 0x5d, 0x15, 0x00, 0x00, 0x1c, 0x06, 0x00, 0x00,
    0x9b, 0xfd, 0xff, 0xff, 0xe7, 0x06, 0x00, 0x00, 0x3d, 0x14, 0x00, 0x00, 0x62, 0xff, 0xff, 0xff,
    0x04, 0x00, 0x00, 0x00, 0x10, 0x00, 0x00, 0x00, 0xe7, 0x84, 0x33, 0x19, 0x3a, 0x9b, 0x09, 0xcc,
    0x6d, 0x5a, 0x81, 0xb9, 0x5c, 0x6e, 0x71, 0xe5, 0x7e, 0xff, 0xff, 0xff, 0x04, 0x00, 0x00, 0x00,
    0x04, 0x00, 0x00, 0x00, 0xf3, 0xfb, 0xff, 0xff, 0x8e, 0xff, 0xff, 0xff, 0x04, 0x00, 0x00, 0x00,
    0x0c, 0x00, 0x00, 0x00, 0xff, 0xff, 0xff, 0xff, 0x0c, 0x00, 0x00, 0x00, 0x20, 0x00, 0x00, 0x00,
    0xa6, 0xff, 0xff, 0xff, 0x04, 0x00, 0x00, 0x00, 0x0c, 0x00, 0x00, 0x00, 0xff, 0xff, 0xff, 0xff,
    0x18, 0x00, 0x00, 0x00, 0x20, 0x00, 0x00, 0x00, 0xbe, 0xff, 0xff, 0xff, 0x04, 0x00, 0x00, 0x00,
    0x0c, 0x00, 0x00, 0x00, 0xff, 0xff, 0xff, 0xff, 0x18, 0x00, 0x00, 0x00, 0x10, 0x00, 0x00, 0x00,
    0xd6, 0xff, 0xff, 0xff, 0x04, 0x00, 0x00, 0x00, 0x04, 0x00, 0x00, 0x00, 0x01, 0x00, 0x00, 0x00,
    0xe6, 0xff, 0xff, 0xff, 0x04, 0x00, 0x00, 0x00, 0x0c, 0x00, 0x00, 0x00, 0xff, 0xff, 0xff, 0xff,
    0x31, 0x00, 0x00, 0x00, 0x10, 0x00, 0x00, 0x00, 0x00, 0x00, 0x06, 0x00, 0x08, 0x00, 0x04, 0x00,
    0x06, 0x00, 0x00, 0x00, 0x04, 0x00, 0x00, 0x00, 0x04, 0x00, 0x00, 0x00, 0xfd, 0xff, 0xff, 0xff,
    0xf8, 0xd1, 0xff, 0xff, 0xfc, 0xd1, 0xff, 0xff, 0x0f, 0x00, 0x00, 0x00, 0x4d, 0x4c, 0x49, 0x52,
    0x20, 0x43, 0x6f, 0x6e, 0x76, 0x65, 0x72, 0x74, 0x65, 0x64, 0x2e, 0x00, 0x01, 0x00, 0x00, 0x00,
    0x14, 0x00, 0x00, 0x00, 0x00, 0x00, 0x0e, 0x00, 0x18, 0x00, 0x14, 0x00, 0x10, 0x00, 0x0c, 0x00,
    0x08, 0x00, 0x04, 0x00, 0x0e, 0x00, 0x00, 0x00, 0x14, 0x00, 0x00, 0x00, 0x1c, 0x00, 0x00, 0x00,
    0xa8, 0x04, 0x00, 0x00, 0xac, 0x04, 0x00, 0x00, 0xb0, 0x04, 0x00, 0x00, 0x04, 0x00, 0x00, 0x00,
    0x6d, 0x61, 0x69, 0x6e, 0x00, 0x00, 0x00, 0x00, 0x15, 0x00, 0x00, 0x00, 0x70, 0x04, 0x00, 0x00,
    0x30, 0x04, 0x00, 0x00, 0xd0, 0x03, 0x00, 0x00, 0xa8, 0x03, 0x00, 0x00, 0x68, 0x03, 0x00, 0x00,
    0x14, 0x03, 0x00, 0x00, 0xdc, 0x02, 0x00, 0x00, 0xa8, 0x02, 0x00, 0x00, 0x64, 0x02, 0x00, 0x00,
    0x3c, 0x02, 0x00, 0x00, 0x08, 0x02, 0x00, 0x00, 0xc4, 0x01, 0x00, 0x00, 0x9c, 0x01, 0x00, 0x00,
    0x68, 0x01, 0x00, 0x00, 0x24, 0x01, 0x00, 0x00, 0xfc, 0x00, 0x00, 0x00, 0xc8, 0x00, 0x00, 0x00,
    0x84, 0x00, 0x00, 0x00, 0x4c, 0x00, 0x00, 0x00, 0x28, 0x00, 0x00, 0x00, 0x04, 0x00, 0x00, 0x00,
    0xaa, 0xfc, 0xff, 0xff, 0x0c, 0x00, 0x00, 0x00, 0x10, 0x00, 0x00, 0x00, 0x08, 0x00, 0x00, 0x00,
    0x01, 0x00, 0x00, 0x00, 0x25, 0x00, 0x00, 0x00, 0x01, 0x00, 0x00, 0x00, 0x24, 0x00, 0x00, 0x00,
    0xca, 0xfc, 0xff, 0xff, 0x0c, 0x00, 0x00, 0x00, 0x10, 0x00, 0x00, 0x00, 0x07, 0x00, 0x00, 0x00,
    0x01, 0x00, 0x00, 0x00, 0x24, 0x00, 0x00, 0x00, 0x01, 0x00, 0x00, 0x00, 0x23, 0x00, 0x00, 0x00,
    0x6e, 0xfc, 0xff, 0xff, 0x14, 0x00, 0x00, 0x00, 0x00, 0x00, 0x00, 0x08, 0x10, 0x00, 0x00, 0x00,
    0x14, 0x00, 0x00, 0x00, 0x06, 0x00, 0x00, 0x00, 0x00, 0xd3, 0xff, 0xff, 0x01, 0x00, 0x00, 0x00,
    0x23, 0x00, 0x00, 0x00, 0x03, 0x00, 0x00, 0x00, 0x22, 0x00, 0x00, 0x00, 0x08, 0x00, 0x00, 0x00,
    0x07, 0x00, 0x00, 0x00, 0xae, 0xfd, 0xff, 0xff, 0x1c, 0x00, 0x00, 0x00, 0x00, 0x00, 0x00, 0x08,
    0x1c, 0x00, 0x00, 0x00, 0x20, 0x00, 0x00, 0x00, 0x06, 0x00, 0x00, 0x00, 0x00, 0x00, 0x06, 0x00,
    0x08, 0x00, 0x07, 0x00, 0x06, 0x00, 0x00, 0x00, 0x00, 0x00, 0x00, 0x01, 0x01, 0x00, 0x00, 0x00,
    0x22, 0x00, 0x00, 0x00, 0x03, 0x00, 0x00, 0x00, 0x21, 0x00, 0x00, 0x00, 0x0a, 0x00, 0x00, 0x00,
    0x09, 0x00, 0x00, 0x00, 0xe2, 0xfc, 0xff, 0xff, 0x14, 0x00, 0x00, 0x00, 0x00, 0x00, 0x00, 0x1b,
    0x10, 0x00, 0x00, 0x00, 0x14, 0x00, 0x00, 0x00, 0x05, 0x00, 0x00, 0x00, 0x74, 0xd3, 0xff, 0xff,
    0x01, 0x00, 0x00, 0x00, 0x21, 0x00, 0x00, 0x00, 0x02, 0x00, 0x00, 0x00, 0x20, 0x00, 0x00, 0x00,
    0x03, 0x00, 0x00, 0x00, 0x8e, 0xfd, 0xff, 0xff, 0x0c, 0x00, 0x00, 0x00, 0x10, 0x00, 0x00, 0x00,
    0x03, 0x00, 0x00, 0x00, 0x01, 0x00, 0x00, 0x00, 0x20, 0x00, 0x00, 0x00, 0x02, 0x00, 0x00, 0x00,
    0x1f, 0x00, 0x00, 0x00, 0x06, 0x00, 0x00, 0x00, 0x36, 0xfd, 0xff, 0xff, 0x14, 0x00, 0x00, 0x00,
    0x00, 0x00, 0x00, 0x01, 0x1c, 0x00, 0x00, 0x00, 0x20, 0x00, 0x00, 0x00, 0x02, 0x00, 0x00, 0x00,
    0x84, 0xfd, 0xff, 0xff, 0x00, 0x00, 0x00, 0x01, 0x01, 0x00, 0x00, 0x00, 0x01, 0x00, 0x00, 0x00,
    0x01, 0x00, 0x00, 0x00, 0x1f, 0x00, 0x00, 0x00, 0x03, 0x00, 0x00, 0x00, 0x1e, 0x00, 0x00, 0x00,
    0x0c, 0x00, 0x00, 0x00, 0x0b, 0x00, 0x00, 0x00, 0x76, 0xfd, 0xff, 0xff, 0x14, 0x00, 0x00, 0x00,
    0x00, 0x00, 0x00, 0x34, 0x10, 0x00, 0x00, 0x00, 0x14, 0x00, 0x00, 0x00, 0x01, 0x00, 0x00, 0x00,
    0x08, 0xd4, 0xff, 0xff, 0x01, 0x00, 0x00, 0x00, 0x1e, 0x00, 0x00, 0x00, 0x02, 0x00, 0x00, 0x00,
    0x1d, 0x00, 0x00, 0x00, 0x01, 0x00, 0x00, 0x00, 0x22, 0xfe, 0xff, 0xff, 0x0c, 0x00, 0x00, 0x00,
    0x10, 0x00, 0x00, 0x00, 0x03, 0x00, 0x00, 0x00, 0x01, 0x00, 0x00, 0x00, 0x1d, 0x00, 0x00, 0x00,
    0x02, 0x00, 0x00, 0x00, 0x1c, 0x00, 0x00, 0x00, 0x06, 0x00, 0x00, 0x00, 0xca, 0xfd, 0xff, 0xff,
    0x14, 0x00, 0x00, 0x00, 0x00, 0x00, 0x00, 0x05, 0x24, 0x00, 0x00, 0x00, 0x28, 0x00, 0x00, 0x00,
    0x04, 0x00, 0x00, 0x00, 0xc6, 0xfe, 0xff, 0xff, 0x01, 0x00, 0x00, 0x00, 0x02, 0x00, 0x00, 0x00,
    0x01, 0x00, 0x00, 0x00, 0x02, 0x00, 0x00, 0x00, 0x00, 0x00, 0x00, 0x01, 0x01, 0x00, 0x00, 0x00,
    0x1c, 0x00, 0x00, 0x00, 0x01, 0x00, 0x00, 0x00, 0x1b, 0x00, 0x00, 0x00, 0x0a, 0xfe, 0xff, 0xff,
    0x14, 0x00, 0x00, 0x00, 0x00, 0x00, 0x00, 0x34, 0x10, 0x00, 0x00, 0x00, 0x14, 0x00, 0x00, 0x00,
    0x01, 0x00, 0x00, 0x00, 0x9c, 0xd4, 0xff, 0xff, 0x01, 0x00, 0x00, 0x00, 0x1b, 0x00, 0x00, 0x00,
    0x02, 0x00, 0x00, 0x00, 0x1a, 0x00, 0x00, 0x00, 0x03, 0x00, 0x00, 0x00, 0xb6, 0xfe, 0xff, 0xff,
    0x0c, 0x00, 0x00, 0x00, 0x10, 0x00, 0x00, 0x00, 0x03, 0x00, 0x00, 0x00, 0x01, 0x00, 0x00, 0x00,
    0x1a, 0x00, 0x00, 0x00, 0x02, 0x00, 0x00, 0x00, 0x19, 0x00, 0x00, 0x00, 0x05, 0x00, 0x00, 0x00,
    0x5e, 0xfe, 0xff, 0xff, 0x14, 0x00, 0x00, 0x00, 0x00, 0x00, 0x00, 0x01, 0x1c, 0x00, 0x00, 0x00,
    0x20, 0x00, 0x00, 0x00, 0x02, 0x00, 0x00, 0x00, 0xac, 0xfe, 0xff, 0xff, 0x00, 0x00, 0x00, 0x01,
    0x01, 0x00, 0x00, 0x00, 0x01, 0x00, 0x00, 0x00, 0x01, 0x00, 0x00, 0x00, 0x19, 0x00, 0x00, 0x00,
    0x03, 0x00, 0x00, 0x00, 0x18, 0x00, 0x00, 0x00, 0x0e, 0x00, 0x00, 0x00, 0x0d, 0x00, 0x00, 0x00,
    0x9e, 0xfe, 0xff, 0xff, 0x14, 0x00, 0x00, 0x00, 0x00, 0x00, 0x00, 0x34, 0x10, 0x00, 0x00, 0x00,
    0x14, 0x00, 0x00, 0x00, 0x01, 0x00, 0x00, 0x00, 0x30, 0xd5, 0xff, 0xff, 0x01, 0x00, 0x00, 0x00,
    0x18, 0x00, 0x00, 0x00, 0x02, 0x00, 0x00, 0x00, 0x17, 0x00, 0x00, 0x00, 0x01, 0x00, 0x00, 0x00,
    0x4a, 0xff, 0xff, 0xff, 0x0c, 0x00, 0x00, 0x00, 0x10, 0x00, 0x00, 0x00, 0x03, 0x00, 0x00, 0x00,
    0x01, 0x00, 0x00, 0x00, 0x17, 0x00, 0x00, 0x00, 0x02, 0x00, 0x00, 0x00, 0x16, 0x00, 0x00, 0x00,
    0x04, 0x00, 0x00, 0x00, 0x00, 0x00, 0x0e, 0x00, 0x1a, 0x00, 0x14, 0x00, 0x10, 0x00, 0x0c, 0x00,
    0x0b, 0x00, 0x04, 0x00, 0x0e, 0x00, 0x00, 0x00, 0x24, 0x00, 0x00, 0x00, 0x00, 0x00, 0x00, 0x05,
    0x34, 0x00, 0x00, 0x00, 0x38, 0x00, 0x00, 0x00, 0x04, 0x00, 0x00, 0x00, 0x00, 0x00, 0x0e, 0x00,
    0x18, 0x00, 0x17, 0x00, 0x10, 0x00, 0x0c, 0x00, 0x08, 0x00, 0x04, 0x00, 0x0e, 0x00, 0x00, 0x00,
    0x01, 0x00, 0x00, 0x00, 0x02, 0x00, 0x00, 0x00, 0x01, 0x00, 0x00, 0x00, 0x02, 0x00, 0x00, 0x00,
    0x00, 0x00, 0x00, 0x01, 0x01, 0x00, 0x00, 0x00, 0x16, 0x00, 0x00, 0x00, 0x01, 0x00, 0x00, 0x00,
    0x15, 0x00, 0x00, 0x00, 0x52, 0xff, 0xff, 0xff, 0x14, 0x00, 0x00, 0x00, 0x00, 0x00, 0x00, 0x34,
    0x10, 0x00, 0x00, 0x00, 0x14, 0x00, 0x00, 0x00, 0x01, 0x00, 0x00, 0x00, 0xe4, 0xd5, 0xff, 0xff,
    0x01, 0x00, 0x00, 0x00, 0x15, 0x00, 0x00, 0x00, 0x02, 0x00, 0x00, 0x00, 0x14, 0x00, 0x00, 0x00,
    0x03, 0x00, 0x00, 0x00, 0x00, 0x00, 0x0a, 0x00, 0x10, 0x00, 0x0c, 0x00, 0x08, 0x00, 0x04, 0x00,
    0x0a, 0x00, 0x00, 0x00, 0x0c, 0x00, 0x00, 0x00, 0x10, 0x00, 0x00, 0x00, 0x03, 0x00, 0x00, 0x00,
    0x01, 0x00, 0x00, 0x00, 0x14, 0x00, 0x00, 0x00, 0x02, 0x00, 0x00, 0x00, 0x13, 0x00, 0x00, 0x00,
    0x02, 0x00, 0x00, 0x00, 0xb2, 0xff, 0xff, 0xff, 0x20, 0x00, 0x00, 0x00, 0x00, 0x00, 0x00, 0x01,
    0x28, 0x00, 0x00, 0x00, 0x2c, 0x00, 0x00, 0x00, 0x02, 0x00, 0x00, 0x00, 0x0c, 0x00, 0x10, 0x00,
    0x00, 0x00, 0x0c, 0x00, 0x08, 0x00, 0x07, 0x00, 0x0c, 0x00, 0x00, 0x00, 0x00, 0x00, 0x00, 0x01,
    0x01, 0x00, 0x00, 0x00, 0x01, 0x00, 0x00, 0x00, 0x01, 0x00, 0x00, 0x00, 0x13, 0x00, 0x00, 0x00,
    0x03, 0x00, 0x00, 0x00, 0x12, 0x00, 0x00, 0x00, 0x10, 0x00, 0x00, 0x00, 0x0f, 0x00, 0x00, 0x00,
    0x00, 0x00, 0x0e, 0x00, 0x18, 0x00, 0x14, 0x00, 0x10, 0x00, 0x0c, 0x00, 0x0b, 0x00, 0x04, 0x00,
    0x0e, 0x00, 0x00, 0x00, 0x14, 0x00, 0x00, 0x00, 0x00, 0x00, 0x00, 0x34, 0x10, 0x00, 0x00, 0x00,
    0x14, 0x00, 0x00, 0x00, 0x01, 0x00, 0x00, 0x00, 0xa0, 0xd6, 0xff, 0xff, 0x01, 0x00, 0x00, 0x00,
    0x12, 0x00, 0x00, 0x00, 0x02, 0x00, 0x00, 0x00, 0x11, 0x00, 0x00, 0x00, 0x01, 0x00, 0x00, 0x00,
    0x00, 0x00, 0x0a, 0x00, 0x0c, 0x00, 0x00, 0x00, 0x08, 0x00, 0x04, 0x00, 0x0a, 0x00, 0x00, 0x00,
    0x08, 0x00, 0x00, 0x00, 0x0c, 0x00, 0x00, 0x00, 0x01, 0x00, 0x00, 0x00, 0x11, 0x00, 0x00, 0x00,
    0x01, 0x00, 0x00, 0x00, 0x00, 0x00, 0x00, 0x00, 0x01, 0x00, 0x00, 0x00, 0x25, 0x00, 0x00, 0x00,
    0x01, 0x00, 0x00, 0x00, 0x00, 0x00, 0x00, 0x00, 0x26, 0x00, 0x00, 0x00, 0xe0, 0x28, 0x00, 0x00,
    0x8c, 0x28, 0x00, 0x00, 0x14, 0x28, 0x00, 0x00, 0xd8, 0x27, 0x00, 0x00, 0x74, 0x27, 0x00, 0x00,
    0x10, 0x27, 0x00, 0x00, 0xd0, 0x26, 0x00, 0x00, 0x50, 0x26, 0x00, 0x00, 0xd8, 0x25, 0x00, 0x00,
    0x94, 0x24, 0x00, 0x00, 0x68, 0x23, 0x00, 0x00, 0x44, 0x20, 0x00, 0x00, 0xa8, 0x1d, 0x00, 0x00,
    0x84, 0x1a, 0x00, 0x00, 0xe8, 0x17, 0x00, 0x00, 0x8c, 0x15, 0x00, 0x00, 0xb8, 0x13, 0x00, 0x00,
    0x40, 0x13, 0x00, 0x00, 0x80, 0x12, 0x00, 0x00, 0xb4, 0x10, 0x00, 0x00, 0x1c, 0x0f, 0x00, 0x00,
    0x74, 0x0e, 0x00, 0x00, 0xd8, 0x0d, 0x00, 0x00, 0x38, 0x0d, 0x00, 0x00, 0x90, 0x0c, 0x00, 0x00,
    0xb4, 0x0a, 0x00, 0x00, 0x0c, 0x09, 0x00, 0x00, 0x5c, 0x08, 0x00, 0x00, 0xb8, 0x07, 0x00, 0x00,
    0x18, 0x07, 0x00, 0x00, 0x70, 0x06, 0x00, 0x00, 0x94, 0x04, 0x00, 0x00, 0xec, 0x02, 0x00, 0x00,
    0x54, 0x02, 0x00, 0x00, 0x90, 0x01, 0x00, 0x00, 0xe4, 0x00, 0x00, 0x00, 0x60, 0x00, 0x00, 0x00,
    0x04, 0x00, 0x00, 0x00, 0xce, 0xd7, 0xff, 0xff, 0x00, 0x00, 0x00, 0x01, 0x14, 0x00, 0x00, 0x00,
    0x1c, 0x00, 0x00, 0x00, 0x1c, 0x00, 0x00, 0x00, 0x26, 0x00, 0x00, 0x00, 0x34, 0x00, 0x00, 0x00,
    0x02, 0x00, 0x00, 0x00, 0xff, 0xff, 0xff, 0xff, 0x01, 0x00, 0x00, 0x00, 0xb4, 0xd7, 0xff, 0xff,
    0x1b, 0x00, 0x00, 0x00, 0x53, 0x74, 0x61, 0x74, 0x65, 0x66, 0x75, 0x6c, 0x50, 0x61, 0x72, 0x74,
    0x69, 0x74, 0x69, 0x6f, 0x6e, 0x65, 0x64, 0x43, 0x61, 0x6c, 0x6c, 0x5f, 0x31, 0x3a, 0x30, 0x00,
    0x02, 0x00, 0x00, 0x00, 0x01, 0x00, 0x00, 0x00, 0x01, 0x00, 0x00, 0x00, 0x82, 0xed, 0xff, 0xff,
    0x00, 0x00, 0x00, 0x01, 0x18, 0x00, 0x00, 0x00, 0x20, 0x00, 0x00, 0x00, 0x40, 0x00, 0x00, 0x00,
    0x25, 0x00, 0x00, 0x00, 0x00, 0x00, 0x00, 0x09, 0x58, 0x00, 0x00, 0x00, 0x02, 0x00, 0x00, 0x00,
    0xff, 0xff, 0xff, 0xff, 0x01, 0x00, 0x00, 0x00, 0x94, 0xda, 0xff, 0xff, 0x08, 0x00, 0x00, 0x00,
    0x14, 0x00, 0x00, 0x00, 0x01, 0x00, 0x00, 0x00, 0x80, 0xff, 0xff, 0xff, 0xff, 0xff, 0xff, 0xff,
    0x00, 0x00, 0x00, 0x00, 0x01, 0x00, 0x00, 0x00, 0x00, 0x00, 0x80, 0x3b, 0x1c, 0x00, 0x00, 0x00,
    0x53, 0x74, 0x61, 0x74, 0x65, 0x66, 0x75, 0x6c, 0x50, 0x61, 0x72, 0x74, 0x69, 0x74, 0x69, 0x6f,
    0x6e, 0x65, 0x64, 0x43, 0x61, 0x6c, 0x6c, 0x5f, 0x31, 0x3a, 0x30, 0x31, 0x00, 0x00, 0x00, 0x00,
    0x02, 0x00, 0x00, 0x00, 0x01, 0x00, 0x00, 0x00, 0x01, 0x00, 0x00, 0x00, 0x02, 0xee, 0xff, 0xff,
    0x00, 0x00, 0x00, 0x01, 0x18, 0x00, 0x00, 0x00, 0x20, 0x00, 0x00, 0x00, 0x3c, 0x00, 0x00, 0x00,
    0x24, 0x00, 0x00, 0x00, 0x00, 0x00, 0x00, 0x09, 0x80, 0x00, 0x00, 0x00, 0x02, 0x00, 0x00, 0x00,
    0xff, 0xff, 0xff, 0xff, 0x01, 0x00, 0x00, 0x00, 0x14, 0xdb, 0xff, 0xff, 0x08, 0x00, 0x00, 0x00,
    0x10, 0x00, 0x00, 0x00, 0x01, 0x00, 0x00, 0x00, 0x7f, 0x00, 0x00, 0x00, 0x00, 0x00, 0x00, 0x00,
    0x01, 0x00, 0x00, 0x00, 0xa2, 0x19, 0xed, 0x3b, 0x48, 0x00, 0x00, 0x00, 0x53, 0x6e, 0x6f, 0x72,
    0x65, 0x44, 0x65, 0x74, 0x65, 0x63, 0x74, 0x6f, 0x72, 0x56, 0x32, 0x5f, 0x31, 0x2f, 0x73, 0x6e,
    0x6f, 0x72, 0x65, 0x5f, 0x70, 0x72, 0x6f, 0x62, 0x5f, 0x31, 0x2f, 0x4d, 0x61, 0x74, 0x4d, 0x75,
    0x6c, 0x3b, 0x53, 0x6e, 0x6f, 0x72, 0x65, 0x44, 0x65, 0x74, 0x65, 0x63, 0x74, 0x6f, 0x72, 0x56,
    0x32, 0x5f, 0x31, 0x2f, 0x73, 0x6e, 0x6f, 0x72, 0x65, 0x5f, 0x70, 0x72, 0x6f, 0x62, 0x5f, 0x31,
    0x2f, 0x41, 0x64, 0x64, 0x00, 0x00, 0x00, 0x00, 0x02, 0x00, 0x00, 0x00, 0x01, 0x00, 0x00, 0x00,
    0x01, 0x00, 0x00, 0x00, 0xaa, 0xee, 0xff, 0xff, 0x00, 0x00, 0x00, 0x01, 0x18, 0x00, 0x00, 0x00,
    0x20, 0x00, 0x00, 0x00, 0x3c, 0x00, 0x00, 0x00, 0x23, 0x00, 0x00, 0x00, 0x00, 0x00, 0x00, 0x09,
    0x98, 0x00, 0x00, 0x00, 0x02, 0x00, 0x00, 0x00, 0xff, 0xff, 0xff, 0xff, 0x10, 0x00, 0x00, 0x00,
    0xbc, 0xdb, 0xff, 0xff, 0x08, 0x00, 0x00, 0x00, 0x10, 0x00, 0x00, 0x00, 0x01, 0x00, 0x00, 0x00,
    0x80, 0xff, 0xff, 0xff, 0xff, 0xff, 0xff, 0xff, 0x01, 0x00, 0x00, 0x00, 0xe3, 0x9b, 0x03, 0x3c,
    0x61, 0x00, 0x00, 0x00, 0x53, 0x6e, 0x6f, 0x72, 0x65, 0x44, 0x65, 0x74, 0x65, 0x63, 0x74, 0x6f,
    0x72, 0x56, 0x32, 0x5f, 0x31, 0x2f, 0x64, 0x65, 0x6e, 0x73, 0x65, 0x5f, 0x31, 0x2f, 0x4d, 0x61,
    0x74, 0x4d, 0x75, 0x6c, 0x3b, 0x53, 0x6e, 0x6f, 0x72, 0x65, 0x44, 0x65, 0x74, 0x65, 0x63, 0x74,
    0x6f, 0x72, 0x56, 0x32, 0x5f, 0x31, 0x2f, 0x64, 0x65, 0x6e, 0x73, 0x65, 0x5f, 0x31, 0x2f, 0x52,
    0x65, 0x6c, 0x75, 0x3b, 0x53, 0x6e, 0x6f, 0x72, 0x65, 0x44, 0x65, 0x74, 0x65, 0x63, 0x74, 0x6f,
    0x72, 0x56, 0x32, 0x5f, 0x31, 0x2f, 0x64, 0x65, 0x6e, 0x73, 0x65, 0x5f, 0x31, 0x2f, 0x42, 0x69,
    0x61, 0x73, 0x41, 0x64, 0x64, 0x00, 0x00, 0x00, 0x02, 0x00, 0x00, 0x00, 0x01, 0x00, 0x00, 0x00,
    0x10, 0x00, 0x00, 0x00, 0x6a, 0xef, 0xff, 0xff, 0x00, 0x00, 0x00, 0x01, 0x18, 0x00, 0x00, 0x00,
    0x20, 0x00, 0x00, 0x00, 0x40, 0x00, 0x00, 0x00, 0x22, 0x00, 0x00, 0x00, 0x00, 0x00, 0x00, 0x09,
    0x6c, 0x00, 0x00, 0x00, 0x02, 0x00, 0x00, 0x00, 0xff, 0xff, 0xff, 0xff, 0x20, 0x00, 0x00, 0x00,
    0x7c, 0xdc, 0xff, 0xff, 0x08, 0x00, 0x00, 0x00, 0x14, 0x00, 0x00, 0x00, 0x01, 0x00, 0x00, 0x00,
    0x80, 0xff, 0xff, 0xff, 0xff, 0xff, 0xff, 0xff, 0x00, 0x00, 0x00, 0x00, 0x01, 0x00, 0x00, 0x00,
    0x7f, 0x8f, 0x84, 0x3b, 0x31, 0x00, 0x00, 0x00, 0x53, 0x6e, 0x6f, 0x72, 0x65, 0x44, 0x65, 0x74,
    0x65, 0x63, 0x74, 0x6f, 0x72, 0x56, 0x32, 0x5f, 0x31, 0x2f, 0x67, 0x6c, 0x6f, 0x62, 0x61, 0x6c,
    0x5f, 0x61, 0x76, 0x65, 0x72, 0x61, 0x67, 0x65, 0x5f, 0x70, 0x6f, 0x6f, 0x6c, 0x69, 0x6e, 0x67,
    0x31, 0x64, 0x5f, 0x31, 0x2f, 0x4d, 0x65, 0x61, 0x6e, 0x00, 0x00, 0x00, 0x02, 0x00, 0x00, 0x00,
    0x01, 0x00, 0x00, 0x00, 0x20, 0x00, 0x00, 0x00, 0xfe, 0xef, 0xff, 0xff, 0x00, 0x00, 0x00, 0x01,
    0x18, 0x00, 0x00, 0x00, 0x24, 0x00, 0x00, 0x00, 0x44, 0x00, 0x00, 0x00, 0x21, 0x00, 0x00, 0x00,
    0x00, 0x00, 0x00, 0x09, 0x78, 0x01, 0x00, 0x00, 0x03, 0x00, 0x00, 0x00, 0xff, 0xff, 0xff, 0xff,
    0x0c, 0x00, 0x00, 0x00, 0x20, 0x00, 0x00, 0x00, 0x14, 0xdd, 0xff, 0xff, 0x08, 0x00, 0x00, 0x00,
    0x14, 0x00, 0x00, 0x00, 0x01, 0x00, 0x00, 0x00, 0x80, 0xff, 0xff, 0xff, 0xff, 0xff, 0xff, 0xff,
    0x00, 0x00, 0x00, 0x00, 0x01, 0x00, 0x00, 0x00, 0x30, 0x4a, 0xb0, 0x3b, 0x3a, 0x01, 0x00, 0x00,
    0x53, 0x6e, 0x6f, 0x72, 0x65, 0x44, 0x65, 0x74, 0x65, 0x63, 0x74, 0x6f, 0x72, 0x56, 0x32, 0x5f,
    0x31, 0x2f, 0x61, 0x63, 0x74, 0x69, 0x76, 0x61, 0x74, 0x69, 0x6f, 0x6e, 0x5f, 0x32, 0x5f, 0x31,
    0x2f, 0x52, 0x65, 0x6c, 0x75, 0x3b, 0x53, 0x6e, 0x6f, 0x72, 0x65, 0x44, 0x65, 0x74, 0x65, 0x63,
    0x74, 0x6f, 0x72, 0x56, 0x32, 0x5f, 0x31, 0x2f, 0x62, 0x61, 0x74, 0x63, 0x68, 0x5f, 0x6e, 0x6f,
    0x72, 0x6d, 0x61, 0x6c, 0x69, 0x7a, 0x61, 0x74, 0x69, 0x6f, 0x6e, 0x5f, 0x32, 0x5f, 0x31, 0x2f,
    0x62, 0x61, 0x74, 0x63, 0x68, 0x6e, 0x6f, 0x72, 0x6d, 0x2f, 0x61, 0x64, 0x64, 0x5f, 0x31, 0x3b,
    0x53, 0x6e, 0x6f, 0x72, 0x65, 0x44, 0x65, 0x74, 0x65, 0x63, 0x74, 0x6f, 0x72, 0x56, 0x32, 0x5f,
    0x31, 0x2f, 0x63, 0x6f, 0x6e, 0x76, 0x31, 0x64, 0x5f, 0x32, 0x5f, 0x31, 0x2f, 0x63, 0x6f, 0x6e,
    0x76, 0x6f, 0x6c, 0x75, 0x74, 0x69, 0x6f, 0x6e, 0x2f, 0x53, 0x71, 0x75, 0x65, 0x65, 0x7a, 0x65,
    0x3b, 0x53, 0x6e, 0x6f, 0x72, 0x65, 0x44, 0x65, 0x74, 0x65, 0x63, 0x74, 0x6f, 0x72, 0x56, 0x32,
    0x5f, 0x31, 0x2f, 0x62, 0x61, 0x74, 0x63, 0x68, 0x5f, 0x6e, 0x6f, 0x72, 0x6d, 0x61, 0x6c, 0x69,
    0x7a, 0x61, 0x74, 0x69, 0x6f, 0x6e, 0x5f, 0x32, 0x5f, 0x31, 0x2f, 0x62, 0x61, 0x74, 0x63, 0x68,
    0x6e, 0x6f, 0x72, 0x6d, 0x2f, 0x6d, 0x75, 0x6c, 0x5f, 0x31, 0x3b, 0x53, 0x6e, 0x6f, 0x72, 0x65,
    0x44, 0x65, 0x74, 0x65, 0x63, 0x74, 0x6f, 0x72, 0x56, 0x32, 0x5f, 0x31, 0x2f, 0x62, 0x61, 0x74,
    0x63, 0x68, 0x5f, 0x6e, 0x6f, 0x72, 0x6d, 0x61, 0x6c, 0x69, 0x7a, 0x61, 0x74, 0x69, 0x6f, 0x6e,
    0x5f, 0x32, 0x5f, 0x31, 0x2f, 0x62, 0x61, 0x74, 0x63, 0x68, 0x6e, 0x6f, 0x72, 0x6d, 0x2f, 0x6d,
    0x75, 0x6c, 0x3b, 0x53, 0x6e, 0x6f, 0x72, 0x65, 0x44, 0x65, 0x74, 0x65, 0x63, 0x74, 0x6f, 0x72,
    0x56, 0x32, 0x5f, 0x31, 0x2f, 0x62, 0x61, 0x74, 0x63, 0x68, 0x5f, 0x6e, 0x6f, 0x72, 0x6d, 0x61,
    0x6c, 0x69, 0x7a, 0x61, 0x74, 0x69, 0x6f, 0x6e, 0x5f, 0x32, 0x5f, 0x31, 0x2f, 0x62, 0x61, 0x74,
    0x63, 0x68, 0x6e, 0x6f, 0x72, 0x6d, 0x2f, 0x73, 0x75, 0x62, 0x00, 0x00, 0x03, 0x00, 0x00, 0x00,
    0x01, 0x00, 0x00, 0x00, 0x0c, 0x00, 0x00, 0x00, 0x20, 0x00, 0x00, 0x00, 0xa2, 0xf1, 0xff, 0xff,
    0x00, 0x00, 0x00, 0x01, 0x18, 0x00, 0x00, 0x00, 0x28, 0x00, 0x00, 0x00, 0x48, 0x00, 0x00, 0x00,
    0x20, 0x00, 0x00, 0x00, 0x00, 0x00, 0x00, 0x09, 0xa8, 0x01, 0x00, 0x00, 0x04, 0x00, 0x00, 0x00,
    0xff, 0xff, 0xff, 0xff, 0x01, 0x00, 0x00, 0x00, 0x0c, 0x00, 0x00, 0x00, 0x20, 0x00, 0x00, 0x00,
    0xbc, 0xde, 0xff, 0xff, 0x08, 0x00, 0x00, 0x00, 0x14, 0x00, 0x00, 0x00, 0x01, 0x00, 0x00, 0x00,
    0x80, 0xff, 0xff, 0xff, 0xff, 0xff, 0xff, 0xff, 0x00, 0x00, 0x00, 0x00, 0x01, 0x00, 0x00, 0x00,
    0x30, 0x4a, 0xb0, 0x3b, 0x64, 0x01, 0x00, 0x00, 0x53, 0x6e, 0x6f, 0x72, 0x65, 0x44, 0x65, 0x74,
    0x65, 0x63, 0x74, 0x6f, 0x72, 0x56, 0x32, 0x5f, 0x31, 0x2f, 0x61, 0x63, 0x74, 0x69, 0x76, 0x61,
    0x74, 0x69, 0x6f, 0x6e, 0x5f, 0x32, 0x5f, 0x31, 0x2f, 0x52, 0x65, 0x6c, 0x75, 0x3b, 0x53, 0x6e,
    0x6f, 0x72, 0x65, 0x44, 0x65, 0x74, 0x65, 0x63, 0x74, 0x6f, 0x72, 0x56, 0x32, 0x5f, 0x31, 0x2f,
    0x62, 0x61, 0x74, 0x63, 0x68, 0x5f, 0x6e, 0x6f, 0x72, 0x6d, 0x61, 0x6c, 0x69, 0x7a, 0x61, 0x74,
    0x69, 0x6f, 0x6e, 0x5f, 0x32, 0x5f, 0x31, 0x2f, 0x62, 0x61, 0x74, 0x63, 0x68, 0x6e, 0x6f, 0x72,
    0x6d, 0x2f, 0x61, 0x64, 0x64, 0x5f, 0x31, 0x3b, 0x53, 0x6e, 0x6f, 0x72, 0x65, 0x44, 0x65, 0x74,
    0x65, 0x63, 0x74, 0x6f, 0x72, 0x56, 0x32, 0x5f, 0x31, 0x2f, 0x63, 0x6f, 0x6e, 0x76, 0x31, 0x64,
    0x5f, 0x32, 0x5f, 0x31, 0x2f, 0x63, 0x6f, 0x6e, 0x76, 0x6f, 0x6c, 0x75, 0x74, 0x69, 0x6f, 0x6e,
    0x2f, 0x53, 0x71, 0x75, 0x65, 0x65, 0x7a, 0x65, 0x3b, 0x53, 0x6e, 0x6f, 0x72, 0x65, 0x44, 0x65,
    0x74, 0x65, 0x63, 0x74, 0x6f, 0x72, 0x56, 0x32, 0x5f, 0x31, 0x2f, 0x62, 0x61, 0x74, 0x63, 0x68,
    0x5f, 0x6e, 0x6f, 0x72, 0x6d, 0x61, 0x6c, 0x69, 0x7a, 0x61, 0x74, 0x69, 0x6f, 0x6e, 0x5f, 0x32,
    0x5f, 0x31, 0x2f, 0x62, 0x61, 0x74, 0x63, 0x68, 0x6e, 0x6f, 0x72, 0x6d, 0x2f, 0x6d, 0x75, 0x6c,
    0x5f, 0x31, 0x3b, 0x53, 0x6e, 0x6f, 0x72, 0x65, 0x44, 0x65, 0x74, 0x65, 0x63, 0x74, 0x6f, 0x72,
    0x56, 0x32, 0x5f, 0x31, 0x2f, 0x62, 0x61, 0x74, 0x63, 0x68, 0x5f, 0x6e, 0x6f, 0x72, 0x6d, 0x61,
    0x6c, 0x69, 0x7a, 0x61, 0x74, 0x69, 0x6f, 0x6e, 0x5f, 0x32, 0x5f, 0x31, 0x2f, 0x62, 0x61, 0x74,
    0x63, 0x68, 0x6e, 0x6f, 0x72, 0x6d, 0x2f, 0x6d, 0x75, 0x6c, 0x3b, 0x53, 0x6e, 0x6f, 0x72, 0x65,
    0x44, 0x65, 0x74, 0x65, 0x63, 0x74, 0x6f, 0x72, 0x56, 0x32, 0x5f, 0x31, 0x2f, 0x62, 0x61, 0x74,
    0x63, 0x68, 0x5f, 0x6e, 0x6f, 0x72, 0x6d, 0x61, 0x6c, 0x69, 0x7a, 0x61, 0x74, 0x69, 0x6f, 0x6e,
    0x5f, 0x32, 0x5f, 0x31, 0x2f, 0x62, 0x61, 0x74, 0x63, 0x68, 0x6e, 0x6f, 0x72, 0x6d, 0x2f, 0x73,
    0x75, 0x62, 0x3b, 0x53, 0x6e, 0x6f, 0x72, 0x65, 0x44, 0x65, 0x74, 0x65, 0x63, 0x74, 0x6f, 0x72,
    0x56, 0x32, 0x5f, 0x31, 0x2f, 0x63, 0x6f, 0x6e, 0x76, 0x31, 0x64, 0x5f, 0x32, 0x5f, 0x31, 0x2f,
    0x63, 0x6f, 0x6e, 0x76, 0x6f, 0x6c, 0x75, 0x74, 0x69, 0x6f, 0x6e, 0x31, 0x00, 0x00, 0x00, 0x00,
    0x04, 0x00, 0x00, 0x00, 0x01, 0x00, 0x00, 0x00, 0x01, 0x00, 0x00, 0x00, 0x0c, 0x00, 0x00, 0x00,
    0x20, 0x00, 0x00, 0x00, 0x7a, 0xf3, 0xff, 0xff, 0x00, 0x00, 0x00, 0x01, 0x18, 0x00, 0x00, 0x00,
    0x28, 0x00, 0x00, 0x00, 0x48, 0x00, 0x00, 0x00, 0x1f, 0x00, 0x00, 0x00, 0x00, 0x00, 0x00, 0x09,
    0x74, 0x00, 0x00, 0x00, 0x04, 0x00, 0x00, 0x00, 0xff, 0xff, 0xff, 0xff, 0x01, 0x00, 0x00, 0x00,
    0x0c, 0x00, 0x00, 0x00, 0x20, 0x00, 0x00, 0x00, 0x94, 0xe0, 0xff, 0xff, 0x08, 0x00, 0x00, 0x00,
    0x14, 0x00, 0x00, 0x00, 0x01, 0x00, 0x00, 0x00, 0x80, 0xff, 0xff, 0xff, 0xff, 0xff, 0xff, 0xff,
    0x00, 0x00, 0x00, 0x00, 0x01, 0x00, 0x00, 0x00, 0x0f, 0x91, 0xe4, 0x3b, 0x33, 0x00, 0x00, 0x00,
    0x53, 0x6e, 0x6f, 0x72, 0x65, 0x44, 0x65, 0x74, 0x65, 0x63, 0x74, 0x6f, 0x72, 0x56, 0x32, 0x5f,
    0x31, 0x2f, 0x63, 0x6f, 0x6e, 0x76, 0x31, 0x64, 0x5f, 0x32, 0x5f, 0x31, 0x2f, 0x63, 0x6f, 0x6e,
    0x76, 0x6f, 0x6c, 0x75, 0x74, 0x69, 0x6f, 0x6e, 0x2f, 0x45, 0x78, 0x70, 0x61, 0x6e, 0x64, 0x44,
    0x69, 0x6d, 0x73, 0x00, 0x04, 0x00, 0x00, 0x00, 0x01, 0x00, 0x00, 0x00, 0x01, 0x00, 0x00, 0x00,
    0x0c, 0x00, 0x00, 0x00, 0x20, 0x00, 0x00, 0x00, 0x1e, 0xf4, 0xff, 0xff, 0x00, 0x00, 0x00, 0x01,
    0x18, 0x00, 0x00, 0x00, 0x24, 0x00, 0x00, 0x00, 0x40, 0x00, 0x00, 0x00, 0x1e, 0x00, 0x00, 0x00,
    0x00, 0x00, 0x00, 0x09, 0x70, 0x00, 0x00, 0x00, 0x03, 0x00, 0x00, 0x00, 0xff, 0xff, 0xff, 0xff,
    0x0c, 0x00, 0x00, 0x00, 0x20, 0x00, 0x00, 0x00, 0x34, 0xe1, 0xff, 0xff, 0x08, 0x00, 0x00, 0x00,
    0x10, 0x00, 0x00, 0x00, 0x01, 0x00, 0x00, 0x00, 0x80, 0xff, 0xff, 0xff, 0xff, 0xff, 0xff, 0xff,
    0x01, 0x00, 0x00, 0x00, 0x0f, 0x91, 0xe4, 0x3b, 0x35, 0x00, 0x00, 0x00, 0x53, 0x6e, 0x6f, 0x72,
    0x65, 0x44, 0x65, 0x74, 0x65, 0x63, 0x74, 0x6f, 0x72, 0x56, 0x32, 0x5f, 0x31, 0x2f, 0x6d, 0x61,
    0x78, 0x5f, 0x70, 0x6f, 0x6f, 0x6c, 0x69, 0x6e, 0x67, 0x31, 0x64, 0x5f, 0x31, 0x5f, 0x32, 0x2f,
    0x4d, 0x61, 0x78, 0x50, 0x6f, 0x6f, 0x6c, 0x31, 0x64, 0x2f, 0x53, 0x71, 0x75, 0x65, 0x65, 0x7a,
    0x65, 0x00, 0x00, 0x00, 0x03, 0x00, 0x00, 0x00, 0x01, 0x00, 0x00, 0x00, 0x0c, 0x00, 0x00, 0x00,
    0x20, 0x00, 0x00, 0x00, 0xba, 0xf4, 0xff, 0xff, 0x00, 0x00, 0x00, 0x01, 0x18, 0x00, 0x00, 0x00,
    0x28, 0x00, 0x00, 0x00, 0x48, 0x00, 0x00, 0x00, 0x1d, 0x00, 0x00, 0x00, 0x00, 0x00, 0x00, 0x09,
    0x70, 0x00, 0x00, 0x00, 0x04, 0x00, 0x00, 0x00, 0xff, 0xff, 0xff, 0xff, 0x01, 0x00, 0x00, 0x00,
    0x0c, 0x00, 0x00, 0x00, 0x20, 0x00, 0x00, 0x00, 0xd4, 0xe1, 0xff, 0xff, 0x08, 0x00, 0x00, 0x00,
    0x14, 0x00, 0x00, 0x00, 0x01, 0x00, 0x00, 0x00, 0x80, 0xff, 0xff, 0xff, 0xff, 0xff, 0xff, 0xff,
    0x00, 0x00, 0x00, 0x00, 0x01, 0x00, 0x00, 0x00, 0x0f, 0x91, 0xe4, 0x3b, 0x2d, 0x00, 0x00, 0x00,
    0x53, 0x6e, 0x6f, 0x72, 0x65, 0x44, 0x65, 0x74, 0x65, 0x63, 0x74, 0x6f, 0x72, 0x56, 0x32, 0x5f,
    0x31, 0x2f, 0x6d, 0x61, 0x78, 0x5f, 0x70, 0x6f, 0x6f, 0x6c, 0x69, 0x6e, 0x67, 0x31, 0x64, 0x5f,
    0x31, 0x5f, 0x32, 0x2f, 0x4d, 0x61, 0x78, 0x50, 0x6f, 0x6f, 0x6c, 0x31, 0x64, 0x00, 0x00, 0x00,
    0x04, 0x00, 0x00, 0x00, 0x01, 0x00, 0x00, 0x00, 0x01, 0x00, 0x00, 0x00, 0x0c, 0x00, 0x00, 0x00,
    0x20, 0x00, 0x00, 0x00, 0x5a, 0xf5, 0xff, 0xff, 0x00, 0x00, 0x00, 0x01, 0x18, 0x00, 0x00, 0x00,
    0x28, 0x00, 0x00, 0x00, 0x48, 0x00, 0x00, 0x00, 0x1c, 0x00, 0x00, 0x00, 0x00, 0x00, 0x00, 0x09,
    0x7c, 0x00, 0x00, 0x00, 0x04, 0x00, 0x00, 0x00, 0xff, 0xff, 0xff, 0xff, 0x01, 0x00, 0x00, 0x00,
    0x18, 0x00, 0x00, 0x00, 0x20, 0x00, 0x00, 0x00, 0x74, 0xe2, 0xff, 0xff, 0x08, 0x00, 0x00, 0x00,
    0x14, 0x00, 0x00, 0x00, 0x01, 0x00, 0x00, 0x00, 0x80, 0xff, 0xff, 0xff, 0xff, 0xff, 0xff, 0xff,
    0x00, 0x00, 0x00, 0x00, 0x01, 0x00, 0x00, 0x00, 0x0f, 0x91, 0xe4, 0x3b, 0x38, 0x00, 0x00, 0x00,
    0x53, 0x6e, 0x6f, 0x72, 0x65, 0x44, 0x65, 0x74, 0x65, 0x63, 0x74, 0x6f, 0x72, 0x56, 0x32, 0x5f,
    0x31, 0x2f, 0x6d, 0x61, 0x78, 0x5f, 0x70, 0x6f, 0x6f, 0x6c, 0x69, 0x6e, 0x67, 0x31, 0x64, 0x5f,
    0x31, 0x5f, 0x32, 0x2f, 0x4d, 0x61, 0x78, 0x50, 0x6f, 0x6f, 0x6c, 0x31, 0x64, 0x2f, 0x45, 0x78,
    0x70, 0x61, 0x6e, 0x64, 0x44, 0x69, 0x6d, 0x73, 0x00, 0x00, 0x00, 0x00, 0x04, 0x00, 0x00, 0x00,
    0x01, 0x00, 0x00, 0x00, 0x01, 0x00, 0x00, 0x00, 0x18, 0x00, 0x00, 0x00, 0x20, 0x00, 0x00, 0x00,
    0x06, 0xf6, 0xff, 0xff, 0x00, 0x00, 0x00, 0x01, 0x18, 0x00, 0x00, 0x00, 0x24, 0x00, 0x00, 0x00,
    0x44, 0x00, 0x00, 0x00, 0x1b, 0x00, 0x00, 0x00, 0x00, 0x00, 0x00, 0x09, 0x78, 0x01, 0x00, 0x00,
    0x03, 0x00, 0x00, 0x00, 0xff, 0xff, 0xff, 0xff, 0x18, 0x00, 0x00, 0x00, 0x20, 0x00, 0x00, 0x00,
    0x1c, 0xe3, 0xff, 0xff, 0x08, 0x00, 0x00, 0x00, 0x14, 0x00, 0x00, 0x00, 0x01, 0x00, 0x00, 0x00,
    0x80, 0xff, 0xff, 0xff, 0xff, 0xff, 0xff, 0xff, 0x00, 0x00, 0x00, 0x00, 0x01, 0x00, 0x00, 0x00,
    0x0f, 0x91, 0xe4, 0x3b, 0x3a, 0x01, 0x00, 0x00, 0x53, 0x6e, 0x6f, 0x72, 0x65, 0x44, 0x65, 0x74,
    0x65, 0x63, 0x74, 0x6f, 0x72, 0x56, 0x32, 0x5f, 0x31, 0x2f, 0x61, 0x63, 0x74, 0x69, 0x76, 0x61,
    0x74, 0x69, 0x6f, 0x6e, 0x5f, 0x31, 0x5f, 0x32, 0x2f, 0x52, 0x65, 0x6c, 0x75, 0x3b, 0x53, 0x6e,
    0x6f, 0x72, 0x65, 0x44, 0x65, 0x74, 0x65, 0x63, 0x74, 0x6f, 0x72, 0x56, 0x32, 0x5f, 0x31, 0x2f,
    0x62, 0x61, 0x74, 0x63, 0x68, 0x5f, 0x6e, 0x6f, 0x72, 0x6d, 0x61, 0x6c, 0x69, 0x7a, 0x61, 0x74,
    0x69, 0x6f, 0x6e, 0x5f, 0x31, 0x5f, 0x32, 0x2f, 0x62, 0x61, 0x74, 0x63, 0x68, 0x6e, 0x6f, 0x72,
    0x6d, 0x2f, 0x61, 0x64, 0x64, 0x5f, 0x31, 0x3b, 0x53, 0x6e, 0x6f, 0x72, 0x65, 0x44, 0x65, 0x74,
    0x65, 0x63, 0x74, 0x6f, 0x72, 0x56, 0x32, 0x5f, 0x31, 0x2f, 0x63, 0x6f, 0x6e, 0x76, 0x31, 0x64,
    0x5f, 0x31, 0x5f, 0x32, 0x2f, 0x63, 0x6f, 0x6e, 0x76, 0x6f, 0x6c, 0x75, 0x74, 0x69, 0x6f, 0x6e,
    0x2f, 0x53, 0x71, 0x75, 0x65, 0x65, 0x7a, 0x65, 0x3b, 0x53, 0x6e, 0x6f, 0x72, 0x65, 0x44, 0x65,
    0x74, 0x65, 0x63, 0x74, 0x6f, 0x72, 0x56, 0x32, 0x5f, 0x31, 0x2f, 0x62, 0x61, 0x74, 0x63, 0x68,
    0x5f, 0x6e, 0x6f, 0x72, 0x6d, 0x61, 0x6c, 0x69, 0x7a, 0x61, 0x74, 0x69, 0x6f, 0x6e, 0x5f, 0x31,
    0x5f, 0x32, 0x2f, 0x62, 0x61, 0x74, 0x63, 0x68, 0x6e, 0x6f, 0x72, 0x6d, 0x2f, 0x6d, 0x75, 0x6c,
    0x5f, 0x31, 0x3b, 0x53, 0x6e, 0x6f, 0x72, 0x65, 0x44, 0x65, 0x74, 0x65, 0x63, 0x74, 0x6f, 0x72,
    0x56, 0x32, 0x5f, 0x31, 0x2f, 0x62, 0x61, 0x74, 0x63, 0x68, 0x5f, 0x6e, 0x6f, 0x72, 0x6d, 0x61,
    0x6c, 0x69, 0x7a, 0x61, 0x74, 0x69, 0x6f, 0x6e, 0x5f, 0x31, 0x5f, 0x32, 0x2f, 0x62, 0x61, 0x74,
    0x63, 0x68, 0x6e, 0x6f, 0x72, 0x6d, 0x2f, 0x6d, 0x75, 0x6c, 0x3b, 0x53, 0x6e, 0x6f, 0x72, 0x65,
    0x44, 0x65, 0x74, 0x65, 0x63, 0x74, 0x6f, 0x72, 0x56, 0x32, 0x5f, 0x31, 0x2f, 0x62, 0x61, 0x74,
    0x63, 0x68, 0x5f, 0x6e, 0x6f, 0x72, 0x6d, 0x61, 0x6c, 0x69, 0x7a, 0x61, 0x74, 0x69, 0x6f, 0x6e,
    0x5f, 0x31, 0x5f, 0x32, 0x2f, 0x62, 0x61, 0x74, 0x63, 0x68, 0x6e, 0x6f, 0x72, 0x6d, 0x2f, 0x73,
    0x75, 0x62, 0x00, 0x00, 0x03, 0x00, 0x00, 0x00, 0x01, 0x00, 0x00, 0x00, 0x18, 0x00, 0x00, 0x00,
    0x20, 0x00, 0x00, 0x00, 0xaa, 0xf7, 0xff, 0xff, 0x00, 0x00, 0x00, 0x01, 0x18, 0x00, 0x00, 0x00,
    0x28, 0x00, 0x00, 0x00, 0x48, 0x00, 0x00, 0x00, 0x1a, 0x00, 0x00, 0x00, 0x00, 0x00, 0x00, 0x09,
    0xa8, 0x01, 0x00, 0x00, 0x04, 0x00, 0x00, 0x00, 0xff, 0xff, 0xff, 0xff, 0x01, 0x00, 0x00, 0x00,
    0x18, 0x00, 0x00, 0x00, 0x20, 0x00, 0x00, 0x00, 0xc4, 0xe4, 0xff, 0xff, 0x08, 0x00, 0x00, 0x00,
    0x14, 0x00, 0x00, 0x00, 0x01, 0x00, 0x00, 0x00, 0x80, 0xff, 0xff, 0xff, 0xff, 0xff, 0xff, 0xff,
    0x00, 0x00, 0x00, 0x00, 0x01, 0x00, 0x00, 0x00, 0x0f, 0x91, 0xe4, 0x3b, 0x64, 0x01, 0x00, 0x00,
    0x53, 0x6e, 0x6f, 0x72, 0x65, 0x44, 0x65, 0x74, 0x65, 0x63, 0x74, 0x6f, 0x72, 0x56, 0x32, 0x5f,
    0x31, 0x2f, 0x61, 0x63, 0x74, 0x69, 0x76, 0x61, 0x74, 0x69, 0x6f, 0x6e, 0x5f, 0x31, 0x5f, 0x32,
    0x2f, 0x52, 0x65, 0x6c, 0x75, 0x3b, 0x53, 0x6e, 0x6f, 0x72, 0x65, 0x44, 0x65, 0x74, 0x65, 0x63,
    0x74, 0x6f, 0x72, 0x56, 0x32, 0x5f, 0x31, 0x2f, 0x62, 0x61, 0x74, 0x63, 0x68, 0x5f, 0x6e, 0x6f,
    0x72, 0x6d, 0x61, 0x6c, 0x69, 0x7a, 0x61, 0x74, 0x69, 0x6f, 0x6e, 0x5f, 0x31, 0x5f, 0x32, 0x2f,
    0x62, 0x61, 0x74, 0x63, 0x68, 0x6e, 0x6f, 0x72, 0x6d, 0x2f, 0x61, 0x64, 0x64, 0x5f, 0x31, 0x3b,
    0x53, 0x6e, 0x6f, 0x72, 0x65, 0x44, 0x65, 0x74, 0x65, 0x63, 0x74, 0x6f, 0x72, 0x56, 0x32, 0x5f,
    0x31, 0x2f, 0x63, 0x6f, 0x6e, 0x76, 0x31, 0x64, 0x5f, 0x31, 0x5f, 0x32, 0x2f, 0x63, 0x6f, 0x6e,
    0x76, 0x6f, 0x6c, 0x75, 0x74, 0x69, 0x6f, 0x6e, 0x2f, 0x53, 0x71, 0x75, 0x65, 0x65, 0x7a, 0x65,
    0x3b, 0x53, 0x6e, 0x6f, 0x72, 0x65, 0x44, 0x65, 0x74, 0x65, 0x63, 0x74, 0x6f, 0x72, 0x56, 0x32,
    0x5f, 0x31, 0x2f, 0x62, 0x61, 0x74, 0x63, 0x68, 0x5f, 0x6e, 0x6f, 0x72, 0x6d, 0x61, 0x6c, 0x69,
    0x7a, 0x61, 0x74, 0x69, 0x6f, 0x6e, 0x5f, 0x31, 0x5f, 0x32, 0x2f, 0x62, 0x61, 0x74, 0x63, 0x68,
    0x6e, 0x6f, 0x72, 0x6d, 0x2f, 0x6d, 0x75, 0x6c, 0x5f, 0x31, 0x3b, 0x53, 0x6e, 0x6f, 0x72, 0x65,
    0x44, 0x65, 0x74, 0x65, 0x63, 0x74, 0x6f, 0x72, 0x56, 0x32, 0x5f, 0x31, 0x2f, 0x62, 0x61, 0x74,
    0x63, 0x68, 0x5f, 0x6e, 0x6f, 0x72, 0x6d, 0x61, 0x6c, 0x69, 0x7a, 0x61, 0x74, 0x69, 0x6f, 0x6e,
    0x5f, 0x31, 0x5f, 0x32, 0x2f, 0x62, 0x61, 0x74, 0x63, 0x68, 0x6e, 0x6f, 0x72, 0x6d, 0x2f, 0x6d,
    0x75, 0x6c, 0x3b, 0x53, 0x6e, 0x6f, 0x72, 0x65, 0x44, 0x65, 0x74, 0x65, 0x63, 0x74, 0x6f, 0x72,
    0x56, 0x32, 0x5f, 0x31, 0x2f, 0x62, 0x61, 0x74, 0x63, 0x68, 0x5f, 0x6e, 0x6f, 0x72, 0x6d, 0x61,
    0x6c, 0x69, 0x7a, 0x61, 0x74, 0x69, 0x6f, 0x6e, 0x5f, 0x31, 0x5f, 0x32, 0x2f, 0x62, 0x61, 0x74,
    0x63, 0x68, 0x6e, 0x6f, 0x72, 0x6d, 0x2f, 0x73, 0x75, 0x62, 0x3b, 0x53, 0x6e, 0x6f, 0x72, 0x65,
    0x44, 0x65, 0x74, 0x65, 0x63, 0x74, 0x6f, 0x72, 0x56, 0x32, 0x5f, 0x31, 0x2f, 0x63, 0x6f, 0x6e,
    0x76, 0x31, 0x64, 0x5f, 0x31, 0x5f, 0x32, 0x2f, 0x63, 0x6f, 0x6e, 0x76, 0x6f, 0x6c, 0x75, 0x74,
    0x69, 0x6f, 0x6e, 0x31, 0x00, 0x00, 0x00, 0x00, 0x04, 0x00, 0x00, 0x00, 0x01, 0x00, 0x00, 0x00,
    0x01, 0x00, 0x00, 0x00, 0x18, 0x00, 0x00, 0x00, 0x20, 0x00, 0x00, 0x00, 0x82, 0xf9, 0xff, 0xff,
    0x00, 0x00, 0x00, 0x01, 0x18, 0x00, 0x00, 0x00, 0x28, 0x00, 0x00, 0x00, 0x48, 0x00, 0x00, 0x00,
    0x19, 0x00, 0x00, 0x00, 0x00, 0x00, 0x00, 0x09, 0x74, 0x00, 0x00, 0x00, 0x04, 0x00, 0x00, 0x00,
    0xff, 0xff, 0xff, 0xff, 0x01, 0x00, 0x00, 0x00, 0x18, 0x00, 0x00, 0x00, 0x10, 0x00, 0x00, 0x00,
    0x9c, 0xe6, 0xff, 0xff, 0x08, 0x00, 0x00, 0x00, 0x14, 0x00, 0x00, 0x00, 0x01, 0x00, 0x00, 0x00,
    0x80, 0xff, 0xff, 0xff, 0xff, 0xff, 0xff, 0xff, 0x00, 0x00, 0x00, 0x00, 0x01, 0x00, 0x00, 0x00,
    0x0d, 0x0f, 0xc9, 0x3b, 0x33, 0x00, 0x00, 0x00, 0x53, 0x6e, 0x6f, 0x72, 0x65, 0x44, 0x65, 0x74,
    0x65, 0x63, 0x74, 0x6f, 0x72, 0x56, 0x32, 0x5f, 0x31, 0x2f, 0x63, 0x6f, 0x6e, 0x76, 0x31, 0x64,
    0x5f, 0x31, 0x5f, 0x32, 0x2f, 0x63, 0x6f, 0x6e, 0x76, 0x6f, 0x6c, 0x75, 0x74, 0x69, 0x6f, 0x6e,
    0x2f, 0x45, 0x78, 0x70, 0x61, 0x6e, 0x64, 0x44, 0x69, 0x6d, 0x73, 0x00, 0x04, 0x00, 0x00, 0x00,
    0x01, 0x00, 0x00, 0x00, 0x01, 0x00, 0x00, 0x00, 0x18, 0x00, 0x00, 0x00, 0x10, 0x00, 0x00, 0x00,
    0x26, 0xfa, 0xff, 0xff, 0x00, 0x00, 0x00, 0x01, 0x18, 0x00, 0x00, 0x00, 0x24, 0x00, 0x00, 0x00,
    0x40, 0x00, 0x00, 0x00, 0x18, 0x00, 0x00, 0x00, 0x00, 0x00, 0x00, 0x09, 0x70, 0x00, 0x00, 0x00,
    0x03, 0x00, 0x00, 0x00, 0xff, 0xff, 0xff, 0xff, 0x18, 0x00, 0x00, 0x00, 0x10, 0x00, 0x00, 0x00,
    0x3c, 0xe7, 0xff, 0xff, 0x08, 0x00, 0x00, 0x00, 0x10, 0x00, 0x00, 0x00, 0x01, 0x00, 0x00, 0x00,
    0x80, 0xff, 0xff, 0xff, 0xff, 0xff, 0xff, 0xff, 0x01, 0x00, 0x00, 0x00, 0x0d, 0x0f, 0xc9, 0x3b,
    0x34, 0x00, 0x00, 0x00, 0x53, 0x6e, 0x6f, 0x72, 0x65, 0x44, 0x65, 0x74, 0x65, 0x63, 0x74, 0x6f,
    0x72, 0x56, 0x32, 0x5f, 0x31, 0x2f, 0x6d, 0x61, 0x78, 0x5f, 0x70, 0x6f, 0x6f, 0x6c, 0x69, 0x6e,
    0x67, 0x31, 0x64, 0x5f, 0x31, 0x2f, 0x4d, 0x61, 0x78, 0x50, 0x6f, 0x6f, 0x6c, 0x31, 0x64, 0x2f,
    0x53, 0x71, 0x75, 0x65, 0x65, 0x7a, 0x65, 0x31, 0x00, 0x00, 0x00, 0x00, 0x03, 0x00, 0x00, 0x00,
    0x01, 0x00, 0x00, 0x00, 0x18, 0x00, 0x00, 0x00, 0x10, 0x00, 0x00, 0x00, 0xc2, 0xfa, 0xff, 0xff,
    0x00, 0x00, 0x00, 0x01, 0x18, 0x00, 0x00, 0x00, 0x28, 0x00, 0x00, 0x00, 0x44, 0x00, 0x00, 0x00,
    0x17, 0x00, 0x00, 0x00, 0x00, 0x00, 0x00, 0x09, 0x68, 0x00, 0x00, 0x00, 0x04, 0x00, 0x00, 0x00,
    0xff, 0xff, 0xff, 0xff, 0x01, 0x00, 0x00, 0x00, 0x18, 0x00, 0x00, 0x00, 0x10, 0x00, 0x00, 0x00,
    0xdc, 0xe7, 0xff, 0xff, 0x08, 0x00, 0x00, 0x00, 0x10, 0x00, 0x00, 0x00, 0x01, 0x00, 0x00, 0x00,
    0x80, 0xff, 0xff, 0xff, 0xff, 0xff, 0xff, 0xff, 0x01, 0x00, 0x00, 0x00, 0x0d, 0x0f, 0xc9, 0x3b,
    0x2b, 0x00, 0x00, 0x00, 0x53, 0x6e, 0x6f, 0x72, 0x65, 0x44, 0x65, 0x74, 0x65, 0x63, 0x74, 0x6f,
    0x72, 0x56, 0x32, 0x5f, 0x31, 0x2f, 0x6d, 0x61, 0x78, 0x5f, 0x70, 0x6f, 0x6f, 0x6c, 0x69, 0x6e,
    0x67, 0x31, 0x64, 0x5f, 0x31, 0x2f, 0x4d, 0x61, 0x78, 0x50, 0x6f, 0x6f, 0x6c, 0x31, 0x64, 0x00,
    0x04, 0x00, 0x00, 0x00, 0x01, 0x00, 0x00, 0x00, 0x01, 0x00, 0x00, 0x00, 0x18, 0x00, 0x00, 0x00,
    0x10, 0x00, 0x00, 0x00, 0x5a, 0xfb, 0xff, 0xff, 0x00, 0x00, 0x00, 0x01, 0x18, 0x00, 0x00, 0x00,
    0x28, 0x00, 0x00, 0x00, 0x44, 0x00, 0x00, 0x00, 0x16, 0x00, 0x00, 0x00, 0x00, 0x00, 0x00, 0x09,
    0x74, 0x00, 0x00, 0x00, 0x04, 0x00, 0x00, 0x00, 0xff, 0xff, 0xff, 0xff, 0x01, 0x00, 0x00, 0x00,
    0x31, 0x00, 0x00, 0x00, 0x10, 0x00, 0x00, 0x00, 0x74, 0xe8, 0xff, 0xff, 0x08, 0x00, 0x00, 0x00,
    0x10, 0x00, 0x00, 0x00, 0x01, 0x00, 0x00, 0x00, 0x80, 0xff, 0xff, 0xff, 0xff, 0xff, 0xff, 0xff,
    0x01, 0x00, 0x00, 0x00, 0x0d, 0x0f, 0xc9, 0x3b, 0x36, 0x00, 0x00, 0x00, 0x53, 0x6e, 0x6f, 0x72,
    0x65, 0x44, 0x65, 0x74, 0x65, 0x63, 0x74, 0x6f, 0x72, 0x56, 0x32, 0x5f, 0x31, 0x2f, 0x6d, 0x61,
    0x78, 0x5f, 0x70, 0x6f, 0x6f, 0x6c, 0x69, 0x6e, 0x67, 0x31, 0x64, 0x5f, 0x31, 0x2f, 0x4d, 0x61,
    0x78, 0x50, 0x6f, 0x6f, 0x6c, 0x31, 0x64, 0x2f, 0x45, 0x78, 0x70, 0x61, 0x6e, 0x64, 0x44, 0x69,
    0x6d, 0x73, 0x00, 0x00, 0x04, 0x00, 0x00, 0x00, 0x01, 0x00, 0x00, 0x00, 0x01, 0x00, 0x00, 0x00,
    0x31, 0x00, 0x00, 0x00, 0x10, 0x00, 0x00, 0x00, 0xfe, 0xfb, 0xff, 0xff, 0x00, 0x00, 0x00, 0x01,
    0x18, 0x00, 0x00, 0x00, 0x24, 0x00, 0x00, 0x00, 0x40, 0x00, 0x00, 0x00, 0x15, 0x00, 0x00, 0x00,
    0x00, 0x00, 0x00, 0x09, 0x68, 0x01, 0x00, 0x00, 0x03, 0x00, 0x00, 0x00, 0xff, 0xff, 0xff, 0xff,
    0x31, 0x00, 0x00, 0x00, 0x10, 0x00, 0x00, 0x00, 0x14, 0xe9, 0xff, 0xff, 0x08, 0x00, 0x00, 0x00,
    0x10, 0x00, 0x00, 0x00, 0x01, 0x00, 0x00, 0x00, 0x80, 0xff, 0xff, 0xff, 0xff, 0xff, 0xff, 0xff,
    0x01, 0x00, 0x00, 0x00, 0x0d, 0x0f, 0xc9, 0x3b, 0x2e, 0x01, 0x00, 0x00, 0x53, 0x6e, 0x6f, 0x72,
    0x65, 0x44, 0x65, 0x74, 0x65, 0x63, 0x74, 0x6f, 0x72, 0x56, 0x32, 0x5f, 0x31, 0x2f, 0x61, 0x63,
    0x74, 0x69, 0x76, 0x61, 0x74, 0x69, 0x6f, 0x6e, 0x5f, 0x31, 0x2f, 0x52, 0x65, 0x6c, 0x75, 0x3b,
    0x53, 0x6e, 0x6f, 0x72, 0x65, 0x44, 0x65, 0x74, 0x65, 0x63, 0x74, 0x6f, 0x72, 0x56, 0x32, 0x5f,
    0x31, 0x2f, 0x62, 0x61, 0x74, 0x63, 0x68, 0x5f, 0x6e, 0x6f, 0x72, 0x6d, 0x61, 0x6c, 0x69, 0x7a,
    0x61, 0x74, 0x69, 0x6f, 0x6e, 0x5f, 0x31, 0x2f, 0x62, 0x61, 0x74, 0x63, 0x68, 0x6e, 0x6f, 0x72,
    0x6d, 0x2f, 0x61, 0x64, 0x64, 0x5f, 0x31, 0x3b, 0x53, 0x6e, 0x6f, 0x72, 0x65, 0x44, 0x65, 0x74,
    0x65, 0x63, 0x74, 0x6f, 0x72, 0x56, 0x32, 0x5f, 0x31, 0x2f, 0x63, 0x6f, 0x6e, 0x76, 0x31, 0x64,
    0x5f, 0x31, 0x2f, 0x63, 0x6f, 0x6e, 0x76, 0x6f, 0x6c, 0x75, 0x74, 0x69, 0x6f, 0x6e, 0x2f, 0x53,
    0x71, 0x75, 0x65, 0x65, 0x7a, 0x65, 0x3b, 0x53, 0x6e, 0x6f, 0x72, 0x65, 0x44, 0x65, 0x74, 0x65,
    0x63, 0x74, 0x6f, 0x72, 0x56, 0x32, 0x5f, 0x31, 0x2f, 0x62, 0x61, 0x74, 0x63, 0x68, 0x5f, 0x6e,
    0x6f, 0x72, 0x6d, 0x61, 0x6c, 0x69, 0x7a, 0x61, 0x74, 0x69, 0x6f, 0x6e, 0x5f, 0x31, 0x2f, 0x62,
    0x61, 0x74, 0x63, 0x68, 0x6e, 0x6f, 0x72, 0x6d, 0x2f, 0x6d, 0x75, 0x6c, 0x5f, 0x31, 0x3b, 0x53,
    0x6e, 0x6f, 0x72, 0x65, 0x44, 0x65, 0x74, 0x65, 0x63, 0x74, 0x6f, 0x72, 0x56, 0x32, 0x5f, 0x31,
    0x2f, 0x62, 0x61, 0x74, 0x63, 0x68, 0x5f, 0x6e, 0x6f, 0x72, 0x6d, 0x61, 0x6c, 0x69, 0x7a, 0x61,
    0x74, 0x69, 0x6f, 0x6e, 0x5f, 0x31, 0x2f, 0x62, 0x61, 0x74, 0x63, 0x68, 0x6e, 0x6f, 0x72, 0x6d,
    0x2f, 0x6d, 0x75, 0x6c, 0x3b, 0x53, 0x6e, 0x6f, 0x72, 0x65, 0x44, 0x65, 0x74, 0x65, 0x63, 0x74,
    0x6f, 0x72, 0x56, 0x32, 0x5f, 0x31, 0x2f, 0x62, 0x61, 0x74, 0x63, 0x68, 0x5f, 0x6e, 0x6f, 0x72,
    0x6d, 0x61, 0x6c, 0x69, 0x7a, 0x61, 0x74, 0x69, 0x6f, 0x6e, 0x5f, 0x31, 0x2f, 0x62, 0x61, 0x74,
    0x63, 0x68, 0x6e, 0x6f, 0x72, 0x6d, 0x2f, 0x73, 0x75, 0x62, 0x00, 0x00, 0x03, 0x00, 0x00, 0x00,
    0x01, 0x00, 0x00, 0x00, 0x31, 0x00, 0x00, 0x00, 0x10, 0x00, 0x00, 0x00, 0x92, 0xfd, 0xff, 0xff,
    0x00, 0x00, 0x00, 0x01, 0x18, 0x00, 0x00, 0x00, 0x28, 0x00, 0x00, 0x00, 0x48, 0x00, 0x00, 0x00,
    0x14, 0x00, 0x00, 0x00, 0x00, 0x00, 0x00, 0x09, 0x98, 0x01, 0x00, 0x00, 0x04, 0x00, 0x00, 0x00,
    0xff, 0xff, 0xff, 0xff, 0x01, 0x00, 0x00, 0x00, 0x31, 0x00, 0x00, 0x00, 0x10, 0x00, 0x00, 0x00,
    0xac, 0xea, 0xff, 0xff, 0x08, 0x00, 0x00, 0x00, 0x14, 0x00, 0x00, 0x00, 0x01, 0x00, 0x00, 0x00,
    0x80, 0xff, 0xff, 0xff, 0xff, 0xff, 0xff, 0xff, 0x00, 0x00, 0x00, 0x00, 0x01, 0x00, 0x00, 0x00,
    0x0d, 0x0f, 0xc9, 0x3b, 0x56, 0x01, 0x00, 0x00, 0x53, 0x6e, 0x6f, 0x72, 0x65, 0x44, 0x65, 0x74,
    0x65, 0x63, 0x74, 0x6f, 0x72, 0x56, 0x32, 0x5f, 0x31, 0x2f, 0x61, 0x63, 0x74, 0x69, 0x76, 0x61,
    0x74, 0x69, 0x6f, 0x6e, 0x5f, 0x31, 0x2f, 0x52, 0x65, 0x6c, 0x75, 0x3b, 0x53, 0x6e, 0x6f, 0x72,
    0x65, 0x44, 0x65, 0x74, 0x65, 0x63, 0x74, 0x6f, 0x72, 0x56, 0x32, 0x5f, 0x31, 0x2f, 0x62, 0x61,
    0x74, 0x63, 0x68, 0x5f, 0x6e, 0x6f, 0x72, 0x6d, 0x61, 0x6c, 0x69, 0x7a, 0x61, 0x74, 0x69, 0x6f,
    0x6e, 0x5f, 0x31, 0x2f, 0x62, 0x61, 0x74, 0x63, 0x68, 0x6e, 0x6f, 0x72, 0x6d, 0x2f, 0x61, 0x64,
    0x64, 0x5f, 0x31, 0x3b, 0x53, 0x6e, 0x6f, 0x72, 0x65, 0x44, 0x65, 0x74, 0x65, 0x63, 0x74, 0x6f,
    0x72, 0x56, 0x32, 0x5f, 0x31, 0x2f, 0x63, 0x6f, 0x6e, 0x76, 0x31, 0x64, 0x5f, 0x31, 0x2f, 0x63,
    0x6f, 0x6e, 0x76, 0x6f, 0x6c, 0x75, 0x74, 0x69, 0x6f, 0x6e, 0x2f, 0x53, 0x71, 0x75, 0x65, 0x65,
    0x7a, 0x65, 0x3b, 0x53, 0x6e, 0x6f, 0x72, 0x65, 0x44, 0x65, 0x74, 0x65, 0x63, 0x74, 0x6f, 0x72,
    0x56, 0x32, 0x5f, 0x31, 0x2f, 0x62, 0x61, 0x74, 0x63, 0x68, 0x5f, 0x6e, 0x6f, 0x72, 0x6d, 0x61,
    0x6c, 0x69, 0x7a, 0x61, 0x74, 0x69, 0x6f, 0x6e, 0x5f, 0x31, 0x2f, 0x62, 0x61, 0x74, 0x63, 0x68,
    0x6e, 0x6f, 0x72, 0x6d, 0x2f, 0x6d, 0x75, 0x6c, 0x5f, 0x31, 0x3b, 0x53, 0x6e, 0x6f, 0x72, 0x65,
    0x44, 0x65, 0x74, 0x65, 0x63, 0x74, 0x6f, 0x72, 0x56, 0x32, 0x5f, 0x31, 0x2f, 0x62, 0x61, 0x74,
    0x63, 0x68, 0x5f, 0x6e, 0x6f, 0x72, 0x6d, 0x61, 0x6c, 0x69, 0x7a, 0x61, 0x74, 0x69, 0x6f, 0x6e,
    0x5f, 0x31, 0x2f, 0x62, 0x61, 0x74, 0x63, 0x68, 0x6e, 0x6f, 0x72, 0x6d, 0x2f, 0x6d, 0x75, 0x6c,
    0x3b, 0x53, 0x6e, 0x6f, 0x72, 0x65, 0x44, 0x65, 0x74, 0x65, 0x63, 0x74, 0x6f, 0x72, 0x56, 0x32,
    0x5f, 0x31, 0x2f, 0x62, 0x61, 0x74, 0x63, 0x68, 0x5f, 0x6e, 0x6f, 0x72, 0x6d, 0x61, 0x6c, 0x69,
    0x7a, 0x61, 0x74, 0x69, 0x6f, 0x6e, 0x5f, 0x31, 0x2f, 0x62, 0x61, 0x74, 0x63, 0x68, 0x6e, 0x6f,
    0x72, 0x6d, 0x2f, 0x73, 0x75, 0x62, 0x3b, 0x53, 0x6e, 0x6f, 0x72, 0x65, 0x44, 0x65, 0x74, 0x65,
    0x63, 0x74, 0x6f, 0x72, 0x56, 0x32, 0x5f, 0x31, 0x2f, 0x63, 0x6f, 0x6e, 0x76, 0x31, 0x64, 0x5f,
    0x31, 0x2f, 0x63, 0x6f, 0x6e, 0x76, 0x6f, 0x6c, 0x75, 0x74, 0x69, 0x6f, 0x6e, 0x31, 0x00, 0x00,
    0x04, 0x00, 0x00, 0x00, 0x01, 0x00, 0x00, 0x00, 0x01, 0x00, 0x00, 0x00, 0x31, 0x00, 0x00, 0x00,
    0x10, 0x00, 0x00, 0x00, 0x5a, 0xff, 0xff, 0xff, 0x00, 0x00, 0x00, 0x01, 0x18, 0x00, 0x00, 0x00,
    0x28, 0x00, 0x00, 0x00, 0x48, 0x00, 0x00, 0x00, 0x13, 0x00, 0x00, 0x00, 0x00, 0x00, 0x00, 0x09,
    0x74, 0x00, 0x00, 0x00, 0x04, 0x00, 0x00, 0x00, 0xff, 0xff, 0xff, 0xff, 0x01, 0x00, 0x00, 0x00,
    0x31, 0x00, 0x00, 0x00, 0x0d, 0x00, 0x00, 0x00, 0x74, 0xec, 0xff, 0xff, 0x08, 0x00, 0x00, 0x00,
    0x14, 0x00, 0x00, 0x00, 0x01, 0x00, 0x00, 0x00, 0xff, 0xff, 0xff, 0xff, 0xff, 0xff, 0xff, 0xff,
    0x00, 0x00, 0x00, 0x00, 0x01, 0x00, 0x00, 0x00, 0x01, 0x85, 0x92, 0x3c, 0x31, 0x00, 0x00, 0x00,
    0x53, 0x6e, 0x6f, 0x72, 0x65, 0x44, 0x65, 0x74, 0x65, 0x63, 0x74, 0x6f, 0x72, 0x56, 0x32, 0x5f,
    0x31, 0x2f, 0x63, 0x6f, 0x6e, 0x76, 0x31, 0x64, 0x5f, 0x31, 0x2f, 0x63, 0x6f, 0x6e, 0x76, 0x6f,
    0x6c, 0x75, 0x74, 0x69, 0x6f, 0x6e, 0x2f, 0x45, 0x78, 0x70, 0x61, 0x6e, 0x64, 0x44, 0x69, 0x6d,
    0x73, 0x00, 0x00, 0x00, 0x04, 0x00, 0x00, 0x00, 0x01, 0x00, 0x00, 0x00, 0x01, 0x00, 0x00, 0x00,
    0x31, 0x00, 0x00, 0x00, 0x0d, 0x00, 0x00, 0x00, 0x00, 0x00, 0x16, 0x00, 0x20, 0x00, 0x1c, 0x00,
    0x1b, 0x00, 0x14, 0x00, 0x10, 0x00, 0x0c, 0x00, 0x00, 0x00, 0x00, 0x00, 0x08, 0x00, 0x07, 0x00,
    0x16, 0x00, 0x00, 0x00, 0x00, 0x00, 0x00, 0x01, 0x18, 0x00, 0x00, 0x00, 0x24, 0x00, 0x00, 0x00,
    0x40, 0x00, 0x00, 0x00, 0x12, 0x00, 0x00, 0x00, 0x00, 0x00, 0x00, 0x09, 0x48, 0x00, 0x00, 0x00,
    0x03, 0x00, 0x00, 0x00, 0xff, 0xff, 0xff, 0xff, 0x31, 0x00, 0x00, 0x00, 0x0d, 0x00, 0x00, 0x00,
    0x2c, 0xed, 0xff, 0xff, 0x08, 0x00, 0x00, 0x00, 0x10, 0x00, 0x00, 0x00, 0x01, 0x00, 0x00, 0x00,
    0xff, 0xff, 0xff, 0xff, 0xff, 0xff, 0xff, 0xff, 0x01, 0x00, 0x00, 0x00, 0x01, 0x85, 0x92, 0x3c,
    0x0c, 0x00, 0x00, 0x00, 0x74, 0x66, 0x6c, 0x2e, 0x71, 0x75, 0x61, 0x6e, 0x74, 0x69, 0x7a, 0x65,
    0x00, 0x00, 0x00, 0x00, 0x03, 0x00, 0x00, 0x00, 0x01, 0x00, 0x00, 0x00, 0x31, 0x00, 0x00, 0x00,
    0x0d, 0x00, 0x00, 0x00, 0x7e, 0xeb, 0xff, 0xff, 0x00, 0x00, 0x00, 0x01, 0x14, 0x00, 0x00, 0x00,
    0xe8, 0x00, 0x00, 0x00, 0x11, 0x00, 0x00, 0x00, 0x00, 0x00, 0x00, 0x09, 0xa4, 0x01, 0x00, 0x00,
    0x8c, 0xed, 0xff, 0xff, 0x08, 0x00, 0x00, 0x00, 0x8c, 0x00, 0x00, 0x00, 0x10, 0x00, 0x00, 0x00,
    0x00, 0x00, 0x00, 0x00, 0x00, 0x00, 0x00, 0x00, 0x00, 0x00, 0x00, 0x00, 0x00, 0x00, 0x00, 0x00,
    0x00, 0x00, 0x00, 0x00, 0x00, 0x00, 0x00, 0x00, 0x00, 0x00, 0x00, 0x00, 0x00, 0x00, 0x00, 0x00,
    0x00, 0x00, 0x00, 0x00, 0x00, 0x00, 0x00, 0x00, 0x00, 0x00, 0x00, 0x00, 0x00, 0x00, 0x00, 0x00,
    0x00, 0x00, 0x00, 0x00, 0x00, 0x00, 0x00, 0x00, 0x00, 0x00, 0x00, 0x00, 0x00, 0x00, 0x00, 0x00,
    0x00, 0x00, 0x00, 0x00, 0x00, 0x00, 0x00, 0x00, 0x00, 0x00, 0x00, 0x00, 0x00, 0x00, 0x00, 0x00,
    0x00, 0x00, 0x00, 0x00, 0x00, 0x00, 0x00, 0x00, 0x00, 0x00, 0x00, 0x00, 0x00, 0x00, 0x00, 0x00,
    0x00, 0x00, 0x00, 0x00, 0x00, 0x00, 0x00, 0x00, 0x00, 0x00, 0x00, 0x00, 0x00, 0x00, 0x00, 0x00,
    0x00, 0x00, 0x00, 0x00, 0x00, 0x00, 0x00, 0x00, 0x00, 0x00, 0x00, 0x00, 0x00, 0x00, 0x00, 0x00,
    0x00, 0x00, 0x00, 0x00, 0x10, 0x00, 0x00, 0x00, 0xa6, 0x0f, 0x31, 0x39, 0xbb, 0x83, 0x29, 0x39,
    0x74, 0x30, 0xb4, 0x38, 0x08, 0xeb, 0xb7, 0x38, 0x8b, 0xde, 0x05, 0x39, 0xc1, 0x81, 0xe5, 0x38,
    0x12, 0x87, 0x5b, 0x39, 0x81, 0x1b, 0x25, 0x39, 0x74, 0x7a, 0x96, 0x38, 0x46, 0x5f, 0x20, 0x39,
    0x4b, 0xb7, 0x9e, 0x38, 0xd1, 0x2a, 0x20, 0x39, 0xd2, 0x68, 0x11, 0x39, 0xfa, 0x42, 0x25, 0x39,
    0x17, 0xf9, 0x24, 0x39, 0xf1, 0xc2, 0x2a, 0x39, 0xc3, 0x00, 0x00, 0x00, 0x53, 0x6e, 0x6f, 0x72,
    0x65, 0x44, 0x65, 0x74, 0x65, 0x63, 0x74, 0x6f, 0x72, 0x56, 0x32, 0x5f, 0x31, 0x2f, 0x62, 0x61,
    0x74, 0x63, 0x68, 0x5f, 0x6e, 0x6f, 0x72, 0x6d, 0x61, 0x6c, 0x69, 0x7a, 0x61, 0x74, 0x69, 0x6f,
    0x6e, 0x5f, 0x31, 0x2f, 0x62, 0x61, 0x74, 0x63, 0x68, 0x6e, 0x6f, 0x72, 0x6d, 0x2f, 0x6d, 0x75,
    0x6c, 0x5f, 0x31, 0x3b, 0x53, 0x6e, 0x6f, 0x72, 0x65, 0x44, 0x65, 0x74, 0x65, 0x63, 0x74, 0x6f,
    0x72, 0x56, 0x32, 0x5f, 0x31, 0x2f, 0x63, 0x6f, 0x6e, 0x76, 0x31, 0x64, 0x5f, 0x31, 0x2f, 0x63,
    0x6f, 0x6e, 0x76, 0x6f, 0x6c, 0x75, 0x74, 0x69, 0x6f, 0x6e, 0x2f, 0x53, 0x71, 0x75, 0x65, 0x65,
    0x7a, 0x65, 0x3b, 0x53, 0x6e, 0x6f, 0x72, 0x65, 0x44, 0x65, 0x74, 0x65, 0x63, 0x74, 0x6f, 0x72,
    0x56, 0x32, 0x5f, 0x31, 0x2f, 0x62, 0x61, 0x74, 0x63, 0x68, 0x5f, 0x6e, 0x6f, 0x72, 0x6d, 0x61,
    0x6c, 0x69, 0x7a, 0x61, 0x74, 0x69, 0x6f, 0x6e, 0x5f, 0x31, 0x2f, 0x62, 0x61, 0x74, 0x63, 0x68,
    0x6e, 0x6f, 0x72, 0x6d, 0x2f, 0x6d, 0x75, 0x6c, 0x3b, 0x53, 0x6e, 0x6f, 0x72, 0x65, 0x44, 0x65,
    0x74, 0x65, 0x63, 0x74, 0x6f, 0x72, 0x56, 0x32, 0x5f, 0x31, 0x2f, 0x63, 0x6f, 0x6e, 0x76, 0x31,
    0x64, 0x5f, 0x31, 0x2f, 0x63, 0x6f, 0x6e, 0x76, 0x6f, 0x6c, 0x75, 0x74, 0x69, 0x6f, 0x6e, 0x00,
    0x04, 0x00, 0x00, 0x00, 0x10, 0x00, 0x00, 0x00, 0x01, 0x00, 0x00, 0x00, 0x03, 0x00, 0x00, 0x00,
    0x0d, 0x00, 0x00, 0x00, 0x4e, 0xed, 0xff, 0xff, 0x00, 0x00, 0x00, 0x01, 0x14, 0x00, 0x00, 0x00,
    0xe8, 0x00, 0x00, 0x00, 0x10, 0x00, 0x00, 0x00, 0x00, 0x00, 0x00, 0x02, 0x38, 0x02, 0x00, 0x00,
    0x5c, 0xef, 0xff, 0xff, 0x08, 0x00, 0x00, 0x00, 0x8c, 0x00, 0x00, 0x00, 0x10, 0x00, 0x00, 0x00,
    0x00, 0x00, 0x00, 0x00, 0x00, 0x00, 0x00, 0x00, 0x00, 0x00, 0x00, 0x00, 0x00, 0x00, 0x00, 0x00,
    0x00, 0x00, 0x00, 0x00, 0x00, 0x00, 0x00, 0x00, 0x00, 0x00, 0x00, 0x00, 0x00, 0x00, 0x00, 0x00,
    0x00, 0x00, 0x00, 0x00, 0x00, 0x00, 0x00, 0x00, 0x00, 0x00, 0x00, 0x00, 0x00, 0x00, 0x00, 0x00,
    0x00, 0x00, 0x00, 0x00, 0x00, 0x00, 0x00, 0x00, 0x00, 0x00, 0x00, 0x00, 0x00, 0x00, 0x00, 0x00,
    0x00, 0x00, 0x00, 0x00, 0x00, 0x00, 0x00, 0x00, 0x00, 0x00, 0x00, 0x00, 0x00, 0x00, 0x00, 0x00,
    0x00, 0x00, 0x00, 0x00, 0x00, 0x00, 0x00, 0x00, 0x00, 0x00, 0x00, 0x00, 0x00, 0x00, 0x00, 0x00,
    0x00, 0x00, 0x00, 0x00, 0x00, 0x00, 0x00, 0x00, 0x00, 0x00, 0x00, 0x00, 0x00, 0x00, 0x00, 0x00,
    0x00, 0x00, 0x00, 0x00, 0x00, 0x00, 0x00, 0x00, 0x00, 0x00, 0x00, 0x00, 0x00, 0x00, 0x00, 0x00,
    0x00, 0x00, 0x00, 0x00, 0x10, 0x00, 0x00, 0x00, 0xd5, 0xad, 0x4a, 0x36, 0x65, 0x0a, 0x42, 0x36,
    0x80, 0x42, 0xce, 0x35, 0x31, 0x87, 0xd2, 0x35, 0xf1, 0x3c, 0x19, 0x36, 0x3d, 0x5b, 0x03, 0x36,
    0x2d, 0x4a, 0x7b, 0x36, 0xef, 0xfe, 0x3c, 0x36, 0x09, 0x40, 0xac, 0x35, 0x50, 0x93, 0x37, 0x36,
    0xfd, 0xad, 0xb5, 0x35, 0x44, 0x57, 0x37, 0x36, 0xa8, 0x72, 0x26, 0x36, 0x1e, 0x2c, 0x3d, 0x36,
    0x8a, 0xd7, 0x3c, 0x36, 0xcb, 0x77, 0x43, 0x36, 0x55, 0x01, 0x00, 0x00, 0x53, 0x6e, 0x6f, 0x72,
    0x65, 0x44, 0x65, 0x74, 0x65, 0x63, 0x74, 0x6f, 0x72, 0x56, 0x32, 0x5f, 0x31, 0x2f, 0x61, 0x63,
    0x74, 0x69, 0x76, 0x61, 0x74, 0x69, 0x6f, 0x6e, 0x5f, 0x31, 0x2f, 0x52, 0x65, 0x6c, 0x75, 0x3b,
    0x53, 0x6e, 0x6f, 0x72, 0x65, 0x44, 0x65, 0x74, 0x65, 0x63, 0x74, 0x6f, 0x72, 0x56, 0x32, 0x5f,
    0x31, 0x2f, 0x62, 0x61, 0x74, 0x63, 0x68, 0x5f, 0x6e, 0x6f, 0x72, 0x6d, 0x61, 0x6c, 0x69, 0x7a,
    0x61, 0x74, 0x69, 0x6f, 0x6e, 0x5f, 0x31, 0x2f, 0x62, 0x61, 0x74, 0x63, 0x68, 0x6e, 0x6f, 0x72,
    0x6d, 0x2f, 0x61, 0x64, 0x64, 0x5f, 0x31, 0x3b, 0x53, 0x6e, 0x6f, 0x72, 0x65, 0x44, 0x65, 0x74,
    0x65, 0x63, 0x74, 0x6f, 0x72, 0x56, 0x32, 0x5f, 0x31, 0x2f, 0x63, 0x6f, 0x6e, 0x76, 0x31, 0x64,
    0x5f, 0x31, 0x2f, 0x63, 0x6f, 0x6e, 0x76, 0x6f, 0x6c, 0x75, 0x74, 0x69, 0x6f, 0x6e, 0x2f, 0x53,
    0x71, 0x75, 0x65, 0x65, 0x7a, 0x65, 0x3b, 0x53, 0x6e, 0x6f, 0x72, 0x65, 0x44, 0x65, 0x74, 0x65,
    0x63, 0x74, 0x6f, 0x72, 0x56, 0x32, 0x5f, 0x31, 0x2f, 0x62, 0x61, 0x74, 0x63, 0x68, 0x5f, 0x6e,
    0x6f, 0x72, 0x6d, 0x61, 0x6c, 0x69, 0x7a, 0x61, 0x74, 0x69, 0x6f, 0x6e, 0x5f, 0x31, 0x2f, 0x62,
    0x61, 0x74, 0x63, 0x68, 0x6e, 0x6f, 0x72, 0x6d, 0x2f, 0x6d, 0x75, 0x6c, 0x5f, 0x31, 0x3b, 0x53,
    0x6e, 0x6f, 0x72, 0x65, 0x44, 0x65, 0x74, 0x65, 0x63, 0x74, 0x6f, 0x72, 0x56, 0x32, 0x5f, 0x31,
    0x2f, 0x62, 0x61, 0x74, 0x63, 0x68, 0x5f, 0x6e, 0x6f, 0x72, 0x6d, 0x61, 0x6c, 0x69, 0x7a, 0x61,
    0x74, 0x69, 0x6f, 0x6e, 0x5f, 0x31, 0x2f, 0x62, 0x61, 0x74, 0x63, 0x68, 0x6e, 0x6f, 0x72, 0x6d,
    0x2f, 0x6d, 0x75, 0x6c, 0x3b, 0x53, 0x6e, 0x6f, 0x72, 0x65, 0x44, 0x65, 0x74, 0x65, 0x63, 0x74,
    0x6f, 0x72, 0x56, 0x32, 0x5f, 0x31, 0x2f, 0x62, 0x61, 0x74, 0x63, 0x68, 0x5f, 0x6e, 0x6f, 0x72,
    0x6d, 0x61, 0x6c, 0x69, 0x7a, 0x61, 0x74, 0x69, 0x6f, 0x6e, 0x5f, 0x31, 0x2f, 0x62, 0x61, 0x74,
    0x63, 0x68, 0x6e, 0x6f, 0x72, 0x6d, 0x2f, 0x73, 0x75, 0x62, 0x3b, 0x53, 0x6e, 0x6f, 0x72, 0x65,
    0x44, 0x65, 0x74, 0x65, 0x63, 0x74, 0x6f, 0x72, 0x56, 0x32, 0x5f, 0x31, 0x2f, 0x63, 0x6f, 0x6e,
    0x76, 0x31, 0x64, 0x5f, 0x31, 0x2f, 0x63, 0x6f, 0x6e, 0x76, 0x6f, 0x6c, 0x75, 0x74, 0x69, 0x6f,
    0x6e, 0x00, 0x00, 0x00, 0x01, 0x00, 0x00, 0x00, 0x10, 0x00, 0x00, 0x00, 0xa6, 0xef, 0xff, 0xff,
    0x00, 0x00, 0x00, 0x01, 0x14, 0x00, 0x00, 0x00, 0xa8, 0x01, 0x00, 0x00, 0x0f, 0x00, 0x00, 0x00,
    0x00, 0x00, 0x00, 0x09, 0x6c, 0x02, 0x00, 0x00, 0xb4, 0xf1, 0xff, 0xff, 0x08, 0x00, 0x00, 0x00,
    0x0c, 0x01, 0x00, 0x00, 0x20, 0x00, 0x00, 0x00, 0x00, 0x00, 0x00, 0x00, 0x00, 0x00, 0x00, 0x00,
    0x00, 0x00, 0x00, 0x00, 0x00, 0x00, 0x00, 0x00, 0x00, 0x00, 0x00, 0x00, 0x00, 0x00, 0x00, 0x00,
    0x00, 0x00, 0x00, 0x00, 0x00, 0x00, 0x00, 0x00, 0x00, 0x00, 0x00, 0x00, 0x00, 0x00, 0x00, 0x00,
    0x00, 0x00, 0x00, 0x00, 0x00, 0x00, 0x00, 0x00, 0x00, 0x00, 0x00, 0x00, 0x00, 0x00, 0x00, 0x00,
    0x00, 0x00, 0x00, 0x00, 0x00, 0x00, 0x00, 0x00, 0x00, 0x00, 0x00, 0x00, 0x00, 0x00, 0x00, 0x00,
    0x00, 0x00, 0x00, 0x00, 0x00, 0x00, 0x00, 0x00, 0x00, 0x00, 0x00, 0x00, 0x00, 0x00, 0x00, 0x00,
    0x00, 0x00, 0x00, 0x00, 0x00, 0x00, 0x00, 0x00, 0x00, 0x00, 0x00, 0x00, 0x00, 0x00, 0x00, 0x00,
    0x00, 0x00, 0x00, 0x00, 0x00, 0x00, 0x00, 0x00, 0x00, 0x00, 0x00, 0x00, 0x00, 0x00, 0x00, 0x00,
    0x00, 0x00, 0x00, 0x00, 0x00, 0x00, 0x00, 0x00, 0x00, 0x00, 0x00, 0x00, 0x00, 0x00, 0x00, 0x00,
    0x00, 0x00, 0x00, 0x00, 0x00, 0x00, 0x00, 0x00, 0x00, 0x00, 0x00, 0x00, 0x00, 0x00, 0x00, 0x00,
    0x00, 0x00, 0x00, 0x00, 0x00, 0x00, 0x00, 0x00, 0x00, 0x00, 0x00, 0x00, 0x00, 0x00, 0x00, 0x00,
    0x00, 0x00, 0x00, 0x00, 0x00, 0x00, 0x00, 0x00, 0x00, 0x00, 0x00, 0x00, 0x00, 0x00, 0x00, 0x00,
    0x00, 0x00, 0x00, 0x00, 0x00, 0x00, 0x00, 0x00, 0x00, 0x00, 0x00, 0x00, 0x00, 0x00, 0x00, 0x00,
    0x00, 0x00, 0x00, 0x00, 0x00, 0x00, 0x00, 0x00, 0x00, 0x00, 0x00, 0x00, 0x00, 0x00, 0x00, 0x00,
    0x00, 0x00, 0x00, 0x00, 0x00, 0x00, 0x00, 0x00, 0x00, 0x00, 0x00, 0x00, 0x00, 0x00, 0x00, 0x00,
    0x00, 0x00, 0x00, 0x00, 0x00, 0x00, 0x00, 0x00, 0x00, 0x00, 0x00, 0x00, 0x00, 0x00, 0x00, 0x00,
    0x00, 0x00, 0x00, 0x00, 0x00, 0x00, 0x00, 0x00, 0x00, 0x00, 0x00, 0x00, 0x20, 0x00, 0x00, 0x00,
    0xfd, 0x39, 0x32, 0x3b, 0xed, 0xb8, 0x5c, 0x3b, 0xec, 0xb6, 0x59, 0x3b, 0x17, 0xc1, 0x8b, 0x3b,
    0x3a, 0x11, 0x20, 0x3b, 0x5c, 0x99, 0x4a, 0x3b, 0xde, 0x0f, 0x45, 0x3b, 0xe7, 0x70, 0x80, 0x3b,
    0x18, 0x95, 0x9e, 0x3b, 0x08, 0xdc, 0xa5, 0x3b, 0x57, 0xc3, 0x4e, 0x3b, 0x8b, 0x42, 0x15, 0x3b,
    0x2f, 0x5c, 0x3b, 0x3b, 0xf3, 0x88, 0xa9, 0x3b, 0x57, 0xa3, 0x55, 0x3b, 0x6f, 0x48, 0xba, 0x3b,
    0xef, 0x12, 0x87, 0x3b, 0xd3, 0xdc, 0x87, 0x3b, 0xcd, 0xc4, 0x16, 0x3b, 0x2a, 0x19, 0x85, 0x3b,
    0x81, 0x52, 0x5d, 0x3b, 0x8a, 0x41, 0x40, 0x3b, 0x67, 0x6f, 0x99, 0x3b, 0x8b, 0x9d, 0xdc, 0x3a,
    0x4f, 0x14, 0x06, 0x3b, 0xd7, 0x3f, 0x61, 0x3b, 0x37, 0x20, 0xa3, 0x3b, 0x1d, 0xc1, 0x87, 0x3b,
    0xd5, 0x93, 0x1d, 0x3b, 0xbc, 0x83, 0x51, 0x3b, 0x90, 0x94, 0x78, 0x3b, 0x63, 0xdd, 0xad, 0x3b,
    0xcb, 0x00, 0x00, 0x00, 0x53, 0x6e, 0x6f, 0x72, 0x65, 0x44, 0x65, 0x74, 0x65, 0x63, 0x74, 0x6f,
    0x72, 0x56, 0x32, 0x5f, 0x31, 0x2f, 0x62, 0x61, 0x74, 0x63, 0x68, 0x5f, 0x6e, 0x6f, 0x72, 0x6d,
    0x61, 0x6c, 0x69, 0x7a, 0x61, 0x74, 0x69, 0x6f, 0x6e, 0x5f, 0x31, 0x5f, 0x32, 0x2f, 0x62, 0x61,
    0x74, 0x63, 0x68, 0x6e, 0x6f, 0x72, 0x6d, 0x2f, 0x6d, 0x75, 0x6c, 0x5f, 0x31, 0x3b, 0x53, 0x6e,
    0x6f, 0x72, 0x65, 0x44, 0x65, 0x74, 0x65, 0x63, 0x74, 0x6f, 0x72, 0x56, 0x32, 0x5f, 0x31, 0x2f,
    0x63, 0x6f, 0x6e, 0x76, 0x31, 0x64, 0x5f, 0x31, 0x5f, 0x32, 0x2f, 0x63, 0x6f, 0x6e, 0x76, 0x6f,
    0x6c, 0x75, 0x74, 0x69, 0x6f, 0x6e, 0x2f, 0x53, 0x71, 0x75, 0x65, 0x65, 0x7a, 0x65, 0x3b, 0x53,
    0x6e, 0x6f, 0x72, 0x65, 0x44, 0x65, 0x74, 0x65, 0x63, 0x74, 0x6f, 0x72, 0x56, 0x32, 0x5f, 0x31,
    0x2f, 0x62, 0x61, 0x74, 0x63, 0x68, 0x5f, 0x6e, 0x6f, 0x72, 0x6d, 0x61, 0x6c, 0x69, 0x7a, 0x61,
    0x74, 0x69, 0x6f, 0x6e, 0x5f, 0x31, 0x5f, 0x32, 0x2f, 0x62, 0x61, 0x74, 0x63, 0x68, 0x6e, 0x6f,
    0x72, 0x6d, 0x2f, 0x6d, 0x75, 0x6c, 0x3b, 0x53, 0x6e, 0x6f, 0x72, 0x65, 0x44, 0x65, 0x74, 0x65,
    0x63, 0x74, 0x6f, 0x72, 0x56, 0x32, 0x5f, 0x31, 0x2f, 0x63, 0x6f, 0x6e, 0x76, 0x31, 0x64, 0x5f,
    0x31, 0x5f, 0x32, 0x2f, 0x63, 0x6f, 0x6e, 0x76, 0x6f, 0x6c, 0x75, 0x74, 0x69, 0x6f, 0x6e, 0x00,
    0x04, 0x00, 0x00, 0x00, 0x20, 0x00, 0x00, 0x00, 0x01, 0x00, 0x00, 0x00, 0x03, 0x00, 0x00, 0x00,
    0x10, 0x00, 0x00, 0x00, 0x3e, 0xf2, 0xff, 0xff, 0x00, 0x00, 0x00, 0x01, 0x14, 0x00, 0x00, 0x00,
    0xa4, 0x01, 0x00, 0x00, 0x0e, 0x00, 0x00, 0x00, 0x00, 0x00, 0x00, 0x02, 0x00, 0x03, 0x00, 0x00,
    0x4c, 0xf4, 0xff, 0xff, 0x08, 0x00, 0x00, 0x00, 0x08, 0x01, 0x00, 0x00, 0x20, 0x00, 0x00, 0x00,
    0x00, 0x00, 0x00, 0x00, 0x00, 0x00, 0x00, 0x00, 0x00, 0x00, 0x00, 0x00, 0x00, 0x00, 0x00, 0x00,
    0x00, 0x00, 0x00, 0x00, 0x00, 0x00, 0x00, 0x00, 0x00, 0x00, 0x00, 0x00, 0x00, 0x00, 0x00, 0x00,
    0x00, 0x00, 0x00, 0x00, 0x00, 0x00, 0x00, 0x00, 0x00, 0x00, 0x00, 0x00, 0x00, 0x00, 0x00, 0x00,
    0x00, 0x00, 0x00, 0x00, 0x00, 0x00, 0x00, 0x00, 0x00, 0x00, 0x00, 0x00, 0x00, 0x00, 0x00, 0x00,
    0x00, 0x00, 0x00, 0x00, 0x00, 0x00, 0x00, 0x00, 0x00, 0x00, 0x00, 0x00, 0x00, 0x00, 0x00, 0x00,
    0x00, 0x00, 0x00, 0x00, 0x00, 0x00, 0x00, 0x00, 0x00, 0x00, 0x00, 0x00, 0x00, 0x00, 0x00, 0x00,
    0x00, 0x00, 0x00, 0x00, 0x00, 0x00, 0x00, 0x00, 0x00, 0x00, 0x00, 0x00, 0x00, 0x00, 0x00, 0x00,
    0x00, 0x00, 0x00, 0x00, 0x00, 0x00, 0x00, 0x00, 0x00, 0x00, 0x00, 0x00, 0x00, 0x00, 0x00, 0x00,
    0x00, 0x00, 0x00, 0x00, 0x00, 0x00, 0x00, 0x00, 0x00, 0x00, 0x00, 0x00, 0x00, 0x00, 0x00, 0x00,
    0x00, 0x00, 0x00, 0x00, 0x00, 0x00, 0x00, 0x00, 0x00, 0x00, 0x00, 0x00, 0x00, 0x00, 0x00, 0x00,
    0x00, 0x00, 0x00, 0x00, 0x00, 0x00, 0x00, 0x00, 0x00, 0x00, 0x00, 0x00, 0x00, 0x00, 0x00, 0x00,
    0x00, 0x00, 0x00, 0x00, 0x00, 0x00, 0x00, 0x00, 0x00, 0x00, 0x00, 0x00, 0x00, 0x00, 0x00, 0x00,
    0x00, 0x00, 0x00, 0x00, 0x00, 0x00, 0x00, 0x00, 0x00, 0x00, 0x00, 0x00, 0x00, 0x00, 0x00, 0x00,
    0x00, 0x00, 0x00, 0x00, 0x00, 0x00, 0x00, 0x00, 0x00, 0x00, 0x00, 0x00, 0x00, 0x00, 0x00, 0x00,
    0x00, 0x00, 0x00, 0x00, 0x00, 0x00, 0x00, 0x00, 0x00, 0x00, 0x00, 0x00, 0x00, 0x00, 0x00, 0x00,
    0x00, 0x00, 0x00, 0x00, 0x00, 0x00, 0x00, 0x00, 0x00, 0x00, 0x00, 0x00, 0x00, 0x00, 0x00, 0x00,
    0x20, 0x00, 0x00, 0x00, 0x02, 0xfa, 0x8b, 0x37, 0x2c, 0x5a, 0xad, 0x37, 0x6c, 0xfd, 0xaa, 0x37,
    0xa5, 0x85, 0xdb, 0x37, 0xdf, 0x6d, 0x7b, 0x37, 0x53, 0x1e, 0x9f, 0x37, 0x0b, 0xc5, 0x9a, 0x37,
    0x65, 0xc0, 0xc9, 0x37, 0xc5, 0x18, 0xf9, 0x37, 0x83, 0x43, 0x02, 0x38, 0x87, 0x63, 0xa2, 0x37,
    0x0b, 0x74, 0x6a, 0x37, 0x65, 0x26, 0x93, 0x37, 0x7e, 0x26, 0x05, 0x38, 0xcf, 0xc9, 0xa7, 0x37,
    0xd3, 0x4d, 0x12, 0x38, 0x9d, 0x2b, 0xd4, 0x37, 0xbd, 0x68, 0xd5, 0x37, 0xc4, 0xd2, 0x6c, 0x37,
    0x2a, 0x11, 0xd1, 0x37, 0xca, 0xd2, 0xad, 0x37, 0xc3, 0xfe, 0x96, 0x37, 0xfa, 0x02, 0xf1, 0x37,
    0xab, 0x44, 0x2d, 0x37, 0xa8, 0x9b, 0x52, 0x37, 0x5e, 0xe8, 0xb0, 0x37, 0xe2, 0x1d, 0x00, 0x38,
    0x36, 0x3d, 0xd5, 0x37, 0xac, 0x84, 0x77, 0x37, 0xc0, 0x8c, 0xa4, 0x37, 0x42, 0x3b, 0xc3, 0x37,
    0x0c, 0x8d, 0x08, 0x38, 0x63, 0x01, 0x00, 0x00, 0x53, 0x6e, 0x6f, 0x72, 0x65, 0x44, 0x65, 0x74,
    0x65, 0x63, 0x74, 0x6f, 0x72, 0x56, 0x32, 0x5f, 0x31, 0x2f, 0x61, 0x63, 0x74, 0x69, 0x76, 0x61,
    0x74, 0x69, 0x6f, 0x6e, 0x5f, 0x31, 0x5f, 0x32, 0x2f, 0x52, 0x65, 0x6c, 0x75, 0x3b, 0x53, 0x6e,
    0x6f, 0x72, 0x65, 0x44, 0x65, 0x74, 0x65, 0x63, 0x74, 0x6f, 0x72, 0x56, 0x32, 0x5f, 0x31, 0x2f,
    0x62, 0x61, 0x74, 0x63, 0x68, 0x5f, 0x6e, 0x6f, 0x72, 0x6d, 0x61, 0x6c, 0x69, 0x7a, 0x61, 0x74,
    0x69, 0x6f, 0x6e, 0x5f, 0x31, 0x5f, 0x32, 0x2f, 0x62, 0x61, 0x74, 0x63, 0x68, 0x6e, 0x6f, 0x72,
    0x6d, 0x2f, 0x61, 0x64, 0x64, 0x5f, 0x31, 0x3b, 0x53, 0x6e, 0x6f, 0x72, 0x65, 0x44, 0x65, 0x74,
    0x65, 0x63, 0x74, 0x6f, 0x72, 0x56, 0x32, 0x5f, 0x31, 0x2f, 0x63, 0x6f, 0x6e, 0x76, 0x31, 0x64,
    0x5f, 0x31, 0x5f, 0x32, 0x2f, 0x63, 0x6f, 0x6e, 0x76, 0x6f, 0x6c, 0x75, 0x74, 0x69, 0x6f, 0x6e,
    0x2f, 0x53, 0x71, 0x75, 0x65, 0x65, 0x7a, 0x65, 0x3b, 0x53, 0x6e, 0x6f, 0x72, 0x65, 0x44, 0x65,
    0x74, 0x65, 0x63, 0x74, 0x6f, 0x72, 0x56, 0x32, 0x5f, 0x31, 0x2f, 0x62, 0x61, 0x74, 0x63, 0x68,
    0x5f, 0x6e, 0x6f, 0x72, 0x6d, 0x61, 0x6c, 0x69, 0x7a, 0x61, 0x74, 0x69, 0x6f, 0x6e, 0x5f, 0x31,
    0x5f, 0x32, 0x2f, 0x62, 0x61, 0x74, 0x63, 0x68, 0x6e, 0x6f, 0x72, 0x6d, 0x2f, 0x6d, 0x75, 0x6c,
    0x5f, 0x31, 0x3b, 0x53, 0x6e, 0x6f, 0x72, 0x65, 0x44, 0x65, 0x74, 0x65, 0x63, 0x74, 0x6f, 0x72,
    0x56, 0x32, 0x5f, 0x31, 0x2f, 0x62, 0x61, 0x74, 0x63, 0x68, 0x5f, 0x6e, 0x6f, 0x72, 0x6d, 0x61,
    0x6c, 0x69, 0x7a, 0x61, 0x74, 0x69, 0x6f, 0x6e, 0x5f, 0x31, 0x5f, 0x32, 0x2f, 0x62, 0x61, 0x74,
    0x63, 0x68, 0x6e, 0x6f, 0x72, 0x6d, 0x2f, 0x6d, 0x75, 0x6c, 0x3b, 0x53, 0x6e, 0x6f, 0x72, 0x65,
    0x44, 0x65, 0x74, 0x65, 0x63, 0x74, 0x6f, 0x72, 0x56, 0x32, 0x5f, 0x31, 0x2f, 0x62, 0x61, 0x74,
    0x63, 0x68, 0x5f, 0x6e, 0x6f, 0x72, 0x6d, 0x61, 0x6c, 0x69, 0x7a, 0x61, 0x74, 0x69, 0x6f, 0x6e,
    0x5f, 0x31, 0x5f, 0x32, 0x2f, 0x62, 0x61, 0x74, 0x63, 0x68, 0x6e, 0x6f, 0x72, 0x6d, 0x2f, 0x73,
    0x75, 0x62, 0x3b, 0x53, 0x6e, 0x6f, 0x72, 0x65, 0x44, 0x65, 0x74, 0x65, 0x63, 0x74, 0x6f, 0x72,
    0x56, 0x32, 0x5f, 0x31, 0x2f, 0x63, 0x6f, 0x6e, 0x76, 0x31, 0x64, 0x5f, 0x31, 0x5f, 0x32, 0x2f,
    0x63, 0x6f, 0x6e, 0x76, 0x6f, 0x6c, 0x75, 0x74, 0x69, 0x6f, 0x6e, 0x00, 0x01, 0x00, 0x00, 0x00,
    0x20, 0x00, 0x00, 0x00, 0x5e, 0xf5, 0xff, 0xff, 0x00, 0x00, 0x00, 0x01, 0x14, 0x00, 0x00, 0x00,
    0xa8, 0x01, 0x00, 0x00, 0x0d, 0x00, 0x00, 0x00, 0x00, 0x00, 0x00, 0x09, 0x6c, 0x02, 0x00, 0x00,
    0x6c, 0xf7, 0xff, 0xff, 0x08, 0x00, 0x00, 0x00, 0x0c, 0x01, 0x00, 0x00, 0x20, 0x00, 0x00, 0x00,
    0x00, 0x00, 0x00, 0x00, 0x00, 0x00, 0x00, 0x00, 0x00, 0x00, 0x00, 0x00, 0x00, 0x00, 0x00, 0x00,
    0x00, 0x00, 0x00, 0x00, 0x00, 0x00, 0x00, 0x00, 0x00, 0x00, 0x00, 0x00, 0x00, 0x00, 0x00, 0x00,
    0x00, 0x00, 0x00, 0x00, 0x00, 0x00, 0x00, 0x00, 0x00, 0x00, 0x00, 0x00, 0x00, 0x00, 0x00, 0x00,
    0x00, 0x00, 0x00, 0x00, 0x00, 0x00, 0x00, 0x00, 0x00, 0x00, 0x00, 0x00, 0x00, 0x00, 0x00, 0x00,
    0x00, 0x00, 0x00, 0x00, 0x00, 0x00, 0x00, 0x00, 0x00, 0x00, 0x00, 0x00, 0x00, 0x00, 0x00, 0x00,
    0x00, 0x00, 0x00, 0x00, 0x00, 0x00, 0x00, 0x00, 0x00, 0x00, 0x00, 0x00, 0x00, 0x00, 0x00, 0x00,
    0x00, 0x00, 0x00, 0x00, 0x00, 0x00, 0x00, 0x00, 0x00, 0x00, 0x00, 0x00, 0x00, 0x00, 0x00, 0x00,
    0x00, 0x00, 0x00, 0x00, 0x00, 0x00, 0x00, 0x00, 0x00, 0x00, 0x00, 0x00, 0x00, 0x00, 0x00, 0x00,
    0x00, 0x00, 0x00, 0x00, 0x00, 0x00, 0x00, 0x00, 0x00, 0x00, 0x00, 0x00, 0x00, 0x00, 0x00, 0x00,
    0x00, 0x00, 0x00, 0x00, 0x00, 0x00, 0x00, 0x00, 0x00, 0x00, 0x00, 0x00, 0x00, 0x00, 0x00, 0x00,
    0x00, 0x00, 0x00, 0x00, 0x00, 0x00, 0x00, 0x00, 0x00, 0x00, 0x00, 0x00, 0x00, 0x00, 0x00, 0x00,
    0x00, 0x00, 0x00, 0x00, 0x00, 0x00, 0x00, 0x00, 0x00, 0x00, 0x00, 0x00, 0x00, 0x00, 0x00, 0x00,
    0x00, 0x00, 0x00, 0x00, 0x00, 0x00, 0x00, 0x00, 0x00, 0x00, 0x00, 0x00, 0x00, 0x00, 0x00, 0x00,
    0x00, 0x00, 0x00, 0x00, 0x00, 0x00, 0x00, 0x00, 0x00, 0x00, 0x00, 0x00, 0x00, 0x00, 0x00, 0x00,
    0x00, 0x00, 0x00, 0x00, 0x00, 0x00, 0x00, 0x00, 0x00, 0x00, 0x00, 0x00, 0x00, 0x00, 0x00, 0x00,
    0x00, 0x00, 0x00, 0x00, 0x00, 0x00, 0x00, 0x00, 0x00, 0x00, 0x00, 0x00, 0x00, 0x00, 0x00, 0x00,
    0x00, 0x00, 0x00, 0x00, 0x20, 0x00, 0x00, 0x00, 0xd6, 0x93, 0x07, 0x3b, 0x57, 0x3a, 0x46, 0x3b,
    0xad, 0x2e, 0x4b, 0x3b, 0xb8, 0x4c, 0xed, 0x3a, 0x06, 0x73, 0x4d, 0x3b, 0xb7, 0x08, 0x18, 0x3b,
    0xf8, 0x84, 0x25, 0x3b, 0x6c, 0x19, 0x2a, 0x3b, 0x45, 0x43, 0x3c, 0x3b, 0x86, 0x2c, 0x26, 0x3b,
    0x4d, 0x17, 0x20, 0x3b, 0x14, 0x41, 0x3f, 0x3b, 0x3c, 0xc0, 0x2a, 0x3b, 0xf4, 0x8f, 0x2b, 0x3b,
    0x4e, 0x68, 0x15, 0x3b, 0xb6, 0x41, 0x0e, 0x3b, 0x28, 0xae, 0x25, 0x3b, 0x4d, 0xb8, 0x14, 0x3b,
    0x9a, 0x4b, 0x08, 0x3b, 0x6d, 0x33, 0x4f, 0x3b, 0x3e, 0x7f, 0x1d, 0x3b, 0x4a, 0xac, 0x01, 0x3b,
    0xd9, 0x94, 0x28, 0x3b, 0x83, 0x1d, 0x22, 0x3b, 0xe0, 0xd7, 0x1f, 0x3b, 0x68, 0xd5, 0xf3, 0x3a,
    0x9f, 0xc9, 0x43, 0x3b, 0x41, 0x25, 0x23, 0x3b, 0x3e, 0x8e, 0x3d, 0x3b, 0xdc, 0xd2, 0x37, 0x3b,
    0xc6, 0xac, 0x0b, 0x3b, 0xae, 0xd2, 0x2d, 0x3b, 0xcb, 0x00, 0x00, 0x00, 0x53, 0x6e, 0x6f, 0x72,
    0x65, 0x44, 0x65, 0x74, 0x65, 0x63, 0x74, 0x6f, 0x72, 0x56, 0x32, 0x5f, 0x31, 0x2f, 0x62, 0x61,
    0x74, 0x63, 0x68, 0x5f, 0x6e, 0x6f, 0x72, 0x6d, 0x61, 0x6c, 0x69, 0x7a, 0x61, 0x74, 0x69, 0x6f,
    0x6e, 0x5f, 0x32, 0x5f, 0x31, 0x2f, 0x62, 0x61, 0x74, 0x63, 0x68, 0x6e, 0x6f, 0x72, 0x6d, 0x2f,
    0x6d, 0x75, 0x6c, 0x5f, 0x31, 0x3b, 0x53, 0x6e, 0x6f, 0x72, 0x65, 0x44, 0x65, 0x74, 0x65, 0x63,
    0x74, 0x6f, 0x72, 0x56, 0x32, 0x5f, 0x31, 0x2f, 0x63, 0x6f, 0x6e, 0x76, 0x31, 0x64, 0x5f, 0x32,
    0x5f, 0x31, 0x2f, 0x63, 0x6f, 0x6e, 0x76, 0x6f, 0x6c, 0x75, 0x74, 0x69, 0x6f, 0x6e, 0x2f, 0x53,
    0x71, 0x75, 0x65, 0x65, 0x7a, 0x65, 0x3b, 0x53, 0x6e, 0x6f, 0x72, 0x65, 0x44, 0x65, 0x74, 0x65,
    0x63, 0x74, 0x6f, 0x72, 0x56, 0x32, 0x5f, 0x31, 0x2f, 0x62, 0x61, 0x74, 0x63, 0x68, 0x5f, 0x6e,
    0x6f, 0x72, 0x6d, 0x61, 0x6c, 0x69, 0x7a, 0x61, 0x74, 0x69, 0x6f, 0x6e, 0x5f, 0x32, 0x5f, 0x31,
    0x2f, 0x62, 0x61, 0x74, 0x63, 0x68, 0x6e, 0x6f, 0x72, 0x6d, 0x2f, 0x6d, 0x75, 0x6c, 0x3b, 0x53,
    0x6e, 0x6f, 0x72, 0x65, 0x44, 0x65, 0x74, 0x65, 0x63, 0x74, 0x6f, 0x72, 0x56, 0x32, 0x5f, 0x31,
    0x2f, 0x63, 0x6f, 0x6e, 0x76, 0x31, 0x64, 0x5f, 0x32, 0x5f, 0x31, 0x2f, 0x63, 0x6f, 0x6e, 0x76,
    0x6f, 0x6c, 0x75, 0x74, 0x69, 0x6f, 0x6e, 0x00, 0x04, 0x00, 0x00, 0x00, 0x20, 0x00, 0x00, 0x00,
    0x01, 0x00, 0x00, 0x00, 0x03, 0x00, 0x00, 0x00, 0x20, 0x00, 0x00, 0x00, 0xf6, 0xf7, 0xff, 0xff,
    0x00, 0x00, 0x00, 0x01, 0x14, 0x00, 0x00, 0x00, 0xa4, 0x01, 0x00, 0x00, 0x0c, 0x00, 0x00, 0x00,
    0x00, 0x00, 0x00, 0x02, 0x00, 0x03, 0x00, 0x00, 0x04, 0xfa, 0xff, 0xff, 0x08, 0x00, 0x00, 0x00,
    0x08, 0x01, 0x00, 0x00, 0x20, 0x00, 0x00, 0x00, 0x00, 0x00, 0x00, 0x00, 0x00, 0x00, 0x00, 0x00,
    0x00, 0x00, 0x00, 0x00, 0x00, 0x00, 0x00, 0x00, 0x00, 0x00, 0x00, 0x00, 0x00, 0x00, 0x00, 0x00,
    0x00, 0x00, 0x00, 0x00, 0x00, 0x00, 0x00, 0x00, 0x00, 0x00, 0x00, 0x00, 0x00, 0x00, 0x00, 0x00,
    0x00, 0x00, 0x00, 0x00, 0x00, 0x00, 0x00, 0x00, 0x00, 0x00, 0x00, 0x00, 0x00, 0x00, 0x00, 0x00,
    0x00, 0x00, 0x00, 0x00, 0x00, 0x00, 0x00, 0x00, 0x00, 0x00, 0x00, 0x00, 0x00, 0x00, 0x00, 0x00,
    0x00, 0x00, 0x00, 0x00, 0x00, 0x00, 0x00, 0x00, 0x00, 0x00, 0x00, 0x00, 0x00, 0x00, 0x00, 0x00,
    0x00, 0x00, 0x00, 0x00, 0x00, 0x00, 0x00, 0x00, 0x00, 0x00, 0x00, 0x00, 0x00, 0x00, 0x00, 0x00,
    0x00, 0x00, 0x00, 0x00, 0x00, 0x00, 0x00, 0x00, 0x00, 0x00, 0x00, 0x00, 0x00, 0x00, 0x00, 0x00,
    0x00, 0x00, 0x00, 0x00, 0x00, 0x00, 0x00, 0x00, 0x00, 0x00, 0x00, 0x00, 0x00, 0x00, 0x00, 0x00,
    0x00, 0x00, 0x00, 0x00, 0x00, 0x00, 0x00, 0x00, 0x00, 0x00, 0x00, 0x00, 0x00, 0x00, 0x00, 0x00,
    0x00, 0x00, 0x00, 0x00, 0x00, 0x00, 0x00, 0x00, 0x00, 0x00, 0x00, 0x00, 0x00, 0x00, 0x00, 0x00,
    0x00, 0x00, 0x00, 0x00, 0x00, 0x00, 0x00, 0x00, 0x00, 0x00, 0x00, 0x00, 0x00, 0x00, 0x00, 0x00,
    0x00, 0x00, 0x00, 0x00, 0x00, 0x00, 0x00, 0x00, 0x00, 0x00, 0x00, 0x00, 0x00, 0x00, 0x00, 0x00,
    0x00, 0x00, 0x00, 0x00, 0x00, 0x00, 0x00, 0x00, 0x00, 0x00, 0x00, 0x00, 0x00, 0x00, 0x00, 0x00,
    0x00, 0x00, 0x00, 0x00, 0x00, 0x00, 0x00, 0x00, 0x00, 0x00, 0x00, 0x00, 0x00, 0x00, 0x00, 0x00,
    0x00, 0x00, 0x00, 0x00, 0x00, 0x00, 0x00, 0x00, 0x00, 0x00, 0x00, 0x00, 0x00, 0x00, 0x00, 0x00,
    0x00, 0x00, 0x00, 0x00, 0x00, 0x00, 0x00, 0x00, 0x20, 0x00, 0x00, 0x00, 0xfb, 0x18, 0x72, 0x37,
    0x48, 0xfc, 0xb0, 0x37, 0xb3, 0x68, 0xb5, 0x37, 0xca, 0xde, 0x53, 0x37, 0xdc, 0x6e, 0xb7, 0x37,
    0xe9, 0xbd, 0x87, 0x37, 0x37, 0xc8, 0x93, 0x37, 0x07, 0xdf, 0x97, 0x37, 0x97, 0x16, 0xa8, 0x37,
    0xd0, 0x5d, 0x94, 0x37, 0x77, 0xef, 0x8e, 0x37, 0x55, 0xc2, 0xaa, 0x37, 0xf6, 0x73, 0x98, 0x37,
    0x6c, 0x2d, 0x99, 0x37, 0x8e, 0x65, 0x85, 0x37, 0x43, 0x06, 0x7e, 0x37, 0xfd, 0xec, 0x93, 0x37,
    0x6a, 0xc8, 0x84, 0x37, 0x20, 0x61, 0x73, 0x37, 0x35, 0xff, 0xb8, 0x37, 0x92, 0x9e, 0x8c, 0x37,
    0xd8, 0x8d, 0x67, 0x37, 0x17, 0x84, 0x96, 0x37, 0x25, 0xbe, 0x90, 0x37, 0xd6, 0xb6, 0x8e, 0x37,
    0x3b, 0xb4, 0x59, 0x37, 0x82, 0xce, 0xae, 0x37, 0xa0, 0xa9, 0x91, 0x37, 0x18, 0x3e, 0xa9, 0x37,
    0xf5, 0x1f, 0xa4, 0x37, 0x0b, 0x6a, 0x79, 0x37, 0x21, 0x32, 0x9b, 0x37, 0x63, 0x01, 0x00, 0x00,
    0x53, 0x6e, 0x6f, 0x72, 0x65, 0x44, 0x65, 0x74, 0x65, 0x63, 0x74, 0x6f, 0x72, 0x56, 0x32, 0x5f,
    0x31, 0x2f, 0x61, 0x63, 0x74, 0x69, 0x76, 0x61, 0x74, 0x69, 0x6f, 0x6e, 0x5f, 0x32, 0x5f, 0x31,
    0x2f, 0x52, 0x65, 0x6c, 0x75, 0x3b, 0x53, 0x6e, 0x6f, 0x72, 0x65, 0x44, 0x65, 0x74, 0x65, 0x63,
    0x74, 0x6f, 0x72, 0x56, 0x32, 0x5f, 0x31, 0x2f, 0x62, 0x61, 0x74, 0x63, 0x68, 0x5f, 0x6e, 0x6f,
    0x72, 0x6d, 0x61, 0x6c, 0x69, 0x7a, 0x61, 0x74, 0x69, 0x6f, 0x6e, 0x5f, 0x32, 0x5f, 0x31, 0x2f,
    0x62, 0x61, 0x74, 0x63, 0x68, 0x6e, 0x6f, 0x72, 0x6d, 0x2f, 0x61, 0x64, 0x64, 0x5f, 0x31, 0x3b,
    0x53, 0x6e, 0x6f, 0x72, 0x65, 0x44, 0x65, 0x74, 0x65, 0x63, 0x74, 0x6f, 0x72, 0x56, 0x32, 0x5f,
    0x31, 0x2f, 0x63, 0x6f, 0x6e, 0x76, 0x31, 0x64, 0x5f, 0x32, 0x5f, 0x31, 0x2f, 0x63, 0x6f, 0x6e,
    0x76, 0x6f, 0x6c, 0x75, 0x74, 0x69, 0x6f, 0x6e, 0x2f, 0x53, 0x71, 0x75, 0x65, 0x65, 0x7a, 0x65,
    0x3b, 0x53, 0x6e, 0x6f, 0x72, 0x65, 0x44, 0x65, 0x74, 0x65, 0x63, 0x74, 0x6f, 0x72, 0x56, 0x32,
    0x5f, 0x31, 0x2f, 0x62, 0x61, 0x74, 0x63, 0x68, 0x5f, 0x6e, 0x6f, 0x72, 0x6d, 0x61, 0x6c, 0x69,
    0x7a, 0x61, 0x74, 0x69, 0x6f, 0x6e, 0x5f, 0x32, 0x5f, 0x31, 0x2f, 0x62, 0x61, 0x74, 0x63, 0x68,
    0x6e, 0x6f, 0x72, 0x6d, 0x2f, 0x6d, 0x75, 0x6c, 0x5f, 0x31, 0x3b, 0x53, 0x6e, 0x6f, 0x72, 0x65,
    0x44, 0x65, 0x74, 0x65, 0x63, 0x74, 0x6f, 0x72, 0x56, 0x32, 0x5f, 0x31, 0x2f, 0x62, 0x61, 0x74,
    0x63, 0x68, 0x5f, 0x6e, 0x6f, 0x72, 0x6d, 0x61, 0x6c, 0x69, 0x7a, 0x61, 0x74, 0x69, 0x6f, 0x6e,
    0x5f, 0x32, 0x5f, 0x31, 0x2f, 0x62, 0x61, 0x74, 0x63, 0x68, 0x6e, 0x6f, 0x72, 0x6d, 0x2f, 0x6d,
    0x75, 0x6c, 0x3b, 0x53, 0x6e, 0x6f, 0x72, 0x65, 0x44, 0x65, 0x74, 0x65, 0x63, 0x74, 0x6f, 0x72,
    0x56, 0x32, 0x5f, 0x31, 0x2f, 0x62, 0x61, 0x74, 0x63, 0x68, 0x5f, 0x6e, 0x6f, 0x72, 0x6d, 0x61,
    0x6c, 0x69, 0x7a, 0x61, 0x74, 0x69, 0x6f, 0x6e, 0x5f, 0x32, 0x5f, 0x31, 0x2f, 0x62, 0x61, 0x74,
    0x63, 0x68, 0x6e, 0x6f, 0x72, 0x6d, 0x2f, 0x73, 0x75, 0x62, 0x3b, 0x53, 0x6e, 0x6f, 0x72, 0x65,
    0x44, 0x65, 0x74, 0x65, 0x63, 0x74, 0x6f, 0x72, 0x56, 0x32, 0x5f, 0x31, 0x2f, 0x63, 0x6f, 0x6e,
    0x76, 0x31, 0x64, 0x5f, 0x32, 0x5f, 0x31, 0x2f, 0x63, 0x6f, 0x6e, 0x76, 0x6f, 0x6c, 0x75, 0x74,
    0x69, 0x6f, 0x6e, 0x00, 0x01, 0x00, 0x00, 0x00, 0x20, 0x00, 0x00, 0x00, 0x16, 0xfb, 0xff, 0xff,
    0x00, 0x00, 0x00, 0x01, 0x14, 0x00, 0x00, 0x00, 0xe8, 0x00, 0x00, 0x00, 0x0b, 0x00, 0x00, 0x00,
    0x00, 0x00, 0x00, 0x09, 0x04, 0x01, 0x00, 0x00, 0x24, 0xfd, 0xff, 0xff, 0x08, 0x00, 0x00, 0x00,
    0x8c, 0x00, 0x00, 0x00, 0x10, 0x00, 0x00, 0x00, 0x00, 0x00, 0x00, 0x00, 0x00, 0x00, 0x00, 0x00,
    0x00, 0x00, 0x00, 0x00, 0x00, 0x00, 0x00, 0x00, 0x00, 0x00, 0x00, 0x00, 0x00, 0x00, 0x00, 0x00,
    0x00, 0x00, 0x00, 0x00, 0x00, 0x00, 0x00, 0x00, 0x00, 0x00, 0x00, 0x00, 0x00, 0x00, 0x00, 0x00,
    0x00, 0x00, 0x00, 0x00, 0x00, 0x00, 0x00, 0x00, 0x00, 0x00, 0x00, 0x00, 0x00, 0x00, 0x00, 0x00,
    0x00, 0x00, 0x00, 0x00, 0x00, 0x00, 0x00, 0x00, 0x00, 0x00, 0x00, 0x00, 0x00, 0x00, 0x00, 0x00,
    0x00, 0x00, 0x00, 0x00, 0x00, 0x00, 0x00, 0x00, 0x00, 0x00, 0x00, 0x00, 0x00, 0x00, 0x00, 0x00,
    0x00, 0x00, 0x00, 0x00, 0x00, 0x00, 0x00, 0x00, 0x00, 0x00, 0x00, 0x00, 0x00, 0x00, 0x00, 0x00,
    0x00, 0x00, 0x00, 0x00, 0x00, 0x00, 0x00, 0x00, 0x00, 0x00, 0x00, 0x00, 0x00, 0x00, 0x00, 0x00,
    0x00, 0x00, 0x00, 0x00, 0x00, 0x00, 0x00, 0x00, 0x00, 0x00, 0x00, 0x00, 0x10, 0x00, 0x00, 0x00,
    0x14, 0xcd, 0x4b, 0x3b, 0xd3, 0x79, 0x46, 0x3b, 0xf2, 0x75, 0x40, 0x3b, 0xdb, 0xf5, 0x3b, 0x3b,
    0x82, 0x0e, 0x42, 0x3b, 0xd0, 0xf0, 0x4b, 0x3b, 0x69, 0x1c, 0x3c, 0x3b, 0xa9, 0xe9, 0x39, 0x3b,
    0x85, 0xde, 0x26, 0x3b, 0x98, 0xdc, 0x33, 0x3b, 0xe4, 0x35, 0x31, 0x3b, 0x9d, 0xe4, 0x3a, 0x3b,
    0xb6, 0xec, 0x2e, 0x3b, 0x84, 0xa8, 0x40, 0x3b, 0x80, 0x7a, 0x46, 0x3b, 0x6a, 0x52, 0x3d, 0x3b,
    0x20, 0x00, 0x00, 0x00, 0x53, 0x6e, 0x6f, 0x72, 0x65, 0x44, 0x65, 0x74, 0x65, 0x63, 0x74, 0x6f,
    0x72, 0x56, 0x32, 0x5f, 0x31, 0x2f, 0x64, 0x65, 0x6e, 0x73, 0x65, 0x5f, 0x31, 0x2f, 0x4d, 0x61,
    0x74, 0x4d, 0x75, 0x6c, 0x00, 0x00, 0x00, 0x00, 0x02, 0x00, 0x00, 0x00, 0x10, 0x00, 0x00, 0x00,
    0x20, 0x00, 0x00, 0x00, 0x3e, 0xfc, 0xff, 0xff, 0x00, 0x00, 0x00, 0x01, 0x14, 0x00, 0x00, 0x00,
    0xe4, 0x00, 0x00, 0x00, 0x0a, 0x00, 0x00, 0x00, 0x00, 0x00, 0x00, 0x02, 0x20, 0x01, 0x00, 0x00,
    0x4c, 0xfe, 0xff, 0xff, 0x08, 0x00, 0x00, 0x00, 0x88, 0x00, 0x00, 0x00, 0x10, 0x00, 0x00, 0x00,
    0x00, 0x00, 0x00, 0x00, 0x00, 0x00, 0x00, 0x00, 0x00, 0x00, 0x00, 0x00, 0x00, 0x00, 0x00, 0x00,
    0x00, 0x00, 0x00, 0x00, 0x00, 0x00, 0x00, 0x00, 0x00, 0x00, 0x00, 0x00, 0x00, 0x00, 0x00, 0x00,
    0x00, 0x00, 0x00, 0x00, 0x00, 0x00, 0x00, 0x00, 0x00, 0x00, 0x00, 0x00, 0x00, 0x00, 0x00, 0x00,
    0x00, 0x00, 0x00, 0x00, 0x00, 0x00, 0x00, 0x00, 0x00, 0x00, 0x00, 0x00, 0x00, 0x00, 0x00, 0x00,
    0x00, 0x00, 0x00, 0x00, 0x00, 0x00, 0x00, 0x00, 0x00, 0x00, 0x00, 0x00, 0x00, 0x00, 0x00, 0x00,
    0x00, 0x00, 0x00, 0x00, 0x00, 0x00, 0x00, 0x00, 0x00, 0x00, 0x00, 0x00, 0x00, 0x00, 0x00, 0x00,
    0x00, 0x00, 0x00, 0x00, 0x00, 0x00, 0x00, 0x00, 0x00, 0x00, 0x00, 0x00, 0x00, 0x00, 0x00, 0x00,
    0x00, 0x00, 0x00, 0x00, 0x00, 0x00, 0x00, 0x00, 0x00, 0x00, 0x00, 0x00, 0x00, 0x00, 0x00, 0x00,
    0x10, 0x00, 0x00, 0x00, 0xf6, 0x0f, 0x53, 0x37, 0x23, 0x8c, 0x4d, 0x37, 0x64, 0x51, 0x47, 0x37,
    0x41, 0xa8, 0x42, 0x37, 0x83, 0xf8, 0x48, 0x37, 0xf8, 0x34, 0x53, 0x37, 0x2f, 0xd0, 0x42, 0x37,
    0x62, 0x89, 0x40, 0x37, 0x8b, 0xd0, 0x2c, 0x37, 0x20, 0x45, 0x3a, 0x37, 0x3d, 0x86, 0x37, 0x37,
    0x47, 0x8d, 0x41, 0x37, 0x36, 0x28, 0x35, 0x37, 0xc4, 0x85, 0x47, 0x37, 0xd6, 0x8c, 0x4d, 0x37,
    0x3b, 0x11, 0x44, 0x37, 0x40, 0x00, 0x00, 0x00, 0x53, 0x6e, 0x6f, 0x72, 0x65, 0x44, 0x65, 0x74,
    0x65, 0x63, 0x74, 0x6f, 0x72, 0x56, 0x32, 0x5f, 0x31, 0x2f, 0x64, 0x65, 0x6e, 0x73, 0x65, 0x5f,
    0x31, 0x2f, 0x52, 0x65, 0x6c, 0x75, 0x3b, 0x53, 0x6e, 0x6f, 0x72, 0x65, 0x44, 0x65, 0x74, 0x65,
    0x63, 0x74, 0x6f, 0x72, 0x56, 0x32, 0x5f, 0x31, 0x2f, 0x64, 0x65, 0x6e, 0x73, 0x65, 0x5f, 0x31,
    0x2f, 0x42, 0x69, 0x61, 0x73, 0x41, 0x64, 0x64, 0x00, 0x00, 0x00, 0x00, 0x01, 0x00, 0x00, 0x00,
    0x10, 0x00, 0x00, 0x00, 0x7e, 0xfd, 0xff, 0xff, 0x00, 0x00, 0x00, 0x01, 0x14, 0x00, 0x00, 0x00,
    0x30, 0x00, 0x00, 0x00, 0x09, 0x00, 0x00, 0x00, 0x00, 0x00, 0x00, 0x09, 0x50, 0x00, 0x00, 0x00,
    0x8c, 0xff, 0xff, 0xff, 0x08, 0x00, 0x00, 0x00, 0x10, 0x00, 0x00, 0x00, 0x01, 0x00, 0x00, 0x00,
    0x00, 0x00, 0x00, 0x00, 0x00, 0x00, 0x00, 0x00, 0x01, 0x00, 0x00, 0x00, 0x66, 0x7d, 0xa7, 0x3b,
    0x25, 0x00, 0x00, 0x00, 0x53, 0x6e, 0x6f, 0x72, 0x65, 0x44, 0x65, 0x74, 0x65, 0x63, 0x74, 0x6f,
    0x72, 0x56, 0x32, 0x5f, 0x31, 0x2f, 0x73, 0x6e, 0x6f, 0x72, 0x65, 0x5f, 0x70, 0x72, 0x6f, 0x62,
    0x5f, 0x31, 0x2f, 0x4d, 0x61, 0x74, 0x4d, 0x75, 0x6c, 0x00, 0x00, 0x00, 0x02, 0x00, 0x00, 0x00,
    0x01, 0x00, 0x00, 0x00, 0x10, 0x00, 0x00, 0x00, 0xf2, 0xfd, 0xff, 0xff, 0x00, 0x00, 0x00, 0x01,
    0x20, 0x00, 0x00, 0x00, 0x40, 0x00, 0x00, 0x00, 0x08, 0x00, 0x00, 0x00, 0x00, 0x00, 0x00, 0x02,
    0x5c, 0x00, 0x00, 0x00, 0x0c, 0x00, 0x0c, 0x00, 0x00, 0x00, 0x00, 0x00, 0x08, 0x00, 0x04, 0x00,
    0x0c, 0x00, 0x00, 0x00, 0x08, 0x00, 0x00, 0x00, 0x14, 0x00, 0x00, 0x00, 0x01, 0x00, 0x00, 0x00,
    0x00, 0x00, 0x00, 0x00, 0x00, 0x00, 0x00, 0x00, 0x00, 0x00, 0x00, 0x00, 0x01, 0x00, 0x00, 0x00,
    0x51, 0x36, 0x2c, 0x38, 0x22, 0x00, 0x00, 0x00, 0x53, 0x6e, 0x6f, 0x72, 0x65, 0x44, 0x65, 0x74,
    0x65, 0x63, 0x74, 0x6f, 0x72, 0x56, 0x32, 0x5f, 0x31, 0x2f, 0x73, 0x6e, 0x6f, 0x72, 0x65, 0x5f,
    0x70, 0x72, 0x6f, 0x62, 0x5f, 0x31, 0x2f, 0x41, 0x64, 0x64, 0x00, 0x00, 0x01, 0x00, 0x00, 0x00,
    0x01, 0x00, 0x00, 0x00, 0x6e, 0xfe, 0xff, 0xff, 0x00, 0x00, 0x00, 0x01, 0x14, 0x00, 0x00, 0x00,
    0x14, 0x00, 0x00, 0x00, 0x07, 0x00, 0x00, 0x00, 0x00, 0x00, 0x00, 0x02, 0x1c, 0x00, 0x00, 0x00,
    0xf8, 0xfd, 0xff, 0xff, 0x0e, 0x00, 0x00, 0x00, 0x61, 0x72, 0x69, 0x74, 0x68, 0x2e, 0x63, 0x6f,
    0x6e, 0x73, 0x74, 0x61, 0x6e, 0x74, 0x00, 0x00, 0x01, 0x00, 0x00, 0x00, 0x03, 0x00, 0x00, 0x00,
    0xaa, 0xfe, 0xff, 0xff, 0x00, 0x00, 0x00, 0x01, 0x14, 0x00, 0x00, 0x00, 0x14, 0x00, 0x00, 0x00,
    0x06, 0x00, 0x00, 0x00, 0x00, 0x00, 0x00, 0x02, 0x40, 0x00, 0x00, 0x00, 0x34, 0xfe, 0xff, 0xff,
    0x30, 0x00, 0x00, 0x00, 0x53, 0x6e, 0x6f, 0x72, 0x65, 0x44, 0x65, 0x74, 0x65, 0x63, 0x74, 0x6f,
    0x72, 0x56, 0x32, 0x5f, 0x31, 0x2f, 0x63, 0x6f, 0x6e, 0x76, 0x31, 0x64, 0x5f, 0x31, 0x5f, 0x32,
    0x2f, 0x63, 0x6f, 0x6e, 0x76, 0x6f, 0x6c, 0x75, 0x74, 0x69, 0x6f, 0x6e, 0x2f, 0x53, 0x71, 0x75,
    0x65, 0x65, 0x7a, 0x65, 0x00, 0x00, 0x00, 0x00, 0x01, 0x00, 0x00, 0x00, 0x03, 0x00, 0x00, 0x00,
    0x0a, 0xff, 0xff, 0xff, 0x00, 0x00, 0x00, 0x01, 0x14, 0x00, 0x00, 0x00, 0x14, 0x00, 0x00, 0x00,
    0x05, 0x00, 0x00, 0x00, 0x00, 0x00, 0x00, 0x02, 0x40, 0x00, 0x00, 0x00, 0x94, 0xfe, 0xff, 0xff,
    0x33, 0x00, 0x00, 0x00, 0x53, 0x6e, 0x6f, 0x72, 0x65, 0x44, 0x65, 0x74, 0x65, 0x63, 0x74, 0x6f,
    0x72, 0x56, 0x32, 0x5f, 0x31, 0x2f, 0x6d, 0x61, 0x78, 0x5f, 0x70, 0x6f, 0x6f, 0x6c, 0x69, 0x6e,
    0x67, 0x31, 0x64, 0x5f, 0x31, 0x2f, 0x4d, 0x61, 0x78, 0x50, 0x6f, 0x6f, 0x6c, 0x31, 0x64, 0x2f,
    0x53, 0x71, 0x75, 0x65, 0x65, 0x7a, 0x65, 0x00, 0x01, 0x00, 0x00, 0x00, 0x03, 0x00, 0x00, 0x00,
    0x6a, 0xff, 0xff, 0xff, 0x00, 0x00, 0x00, 0x01, 0x14, 0x00, 0x00, 0x00, 0x14, 0x00, 0x00, 0x00,
    0x04, 0x00, 0x00, 0x00, 0x00, 0x00, 0x00, 0x02, 0x1c, 0x00, 0x00, 0x00, 0xf4, 0xfe, 0xff, 0xff,
    0x0f, 0x00, 0x00, 0x00, 0x61, 0x72, 0x69, 0x74, 0x68, 0x2e, 0x63, 0x6f, 0x6e, 0x73, 0x74, 0x61,
    0x6e, 0x74, 0x32, 0x00, 0x00, 0x00, 0x00, 0x00, 0xa2, 0xff, 0xff, 0xff, 0x00, 0x00, 0x00, 0x01,
    0x14, 0x00, 0x00, 0x00, 0x14, 0x00, 0x00, 0x00, 0x03, 0x00, 0x00, 0x00, 0x00, 0x00, 0x00, 0x02,
    0x3c, 0x00, 0x00, 0x00, 0x2c, 0xff, 0xff, 0xff, 0x2e, 0x00, 0x00, 0x00, 0x53, 0x6e, 0x6f, 0x72,
    0x65, 0x44, 0x65, 0x74, 0x65, 0x63, 0x74, 0x6f, 0x72, 0x56, 0x32, 0x5f, 0x31, 0x2f, 0x63, 0x6f,
    0x6e, 0x76, 0x31, 0x64, 0x5f, 0x31, 0x2f, 0x63, 0x6f, 0x6e, 0x76, 0x6f, 0x6c, 0x75, 0x74, 0x69,
    0x6f, 0x6e, 0x2f, 0x53, 0x71, 0x75, 0x65, 0x65, 0x7a, 0x65, 0x00, 0x00, 0x01, 0x00, 0x00, 0x00,
    0x03, 0x00, 0x00, 0x00, 0x00, 0x00, 0x16, 0x00, 0x1c, 0x00, 0x18, 0x00, 0x17, 0x00, 0x10, 0x00,
    0x0c, 0x00, 0x08, 0x00, 0x00, 0x00, 0x00, 0x00, 0x00, 0x00, 0x07, 0x00, 0x16, 0x00, 0x00, 0x00,
    0x00, 0x00, 0x00, 0x01, 0x14, 0x00, 0x00, 0x00, 0x14, 0x00, 0x00, 0x00, 0x02, 0x00, 0x00, 0x00,
    0x00, 0x00, 0x00, 0x02, 0x1c, 0x00, 0x00, 0x00, 0xa0, 0xff, 0xff, 0xff, 0x0f, 0x00, 0x00, 0x00,
    0x61, 0x72, 0x69, 0x74, 0x68, 0x2e, 0x63, 0x6f, 0x6e, 0x73, 0x74, 0x61, 0x6e, 0x74, 0x31, 0x00,
    0x00, 0x00, 0x00, 0x00, 0x00, 0x00, 0x16, 0x00, 0x1c, 0x00, 0x18, 0x00, 0x00, 0x00, 0x14, 0x00,
    0x10, 0x00, 0x0c, 0x00, 0x00, 0x00, 0x00, 0x00, 0x08, 0x00, 0x07, 0x00, 0x16, 0x00, 0x00, 0x00,
    0x00, 0x00, 0x00, 0x01, 0x14, 0x00, 0x00, 0x00, 0x24, 0x00, 0x00, 0x00, 0x24, 0x00, 0x00, 0x00,
    0x01, 0x00, 0x00, 0x00, 0x40, 0x00, 0x00, 0x00, 0x03, 0x00, 0x00, 0x00, 0xff, 0xff, 0xff, 0xff,
    0x31, 0x00, 0x00, 0x00, 0x0d, 0x00, 0x00, 0x00, 0x04, 0x00, 0x04, 0x00, 0x04, 0x00, 0x00, 0x00,
    0x1d, 0x00, 0x00, 0x00, 0x73, 0x65, 0x72, 0x76, 0x69, 0x6e, 0x67, 0x5f, 0x64, 0x65, 0x66, 0x61,
    0x75, 0x6c, 0x74, 0x5f, 0x61, 0x75, 0x64, 0x69, 0x6f, 0x5f, 0x69, 0x6e, 0x70, 0x75, 0x74, 0x3a,
    0x30, 0x00, 0x00, 0x00, 0x03, 0x00, 0x00, 0x00, 0x01, 0x00, 0x00, 0x00, 0x31, 0x00, 0x00, 0x00,
    0x0d, 0x00, 0x00, 0x00, 0x09, 0x00, 0x00, 0x00, 0xb4, 0x00, 0x00, 0x00, 0x98, 0x00, 0x00, 0x00,
    0x84, 0x00, 0x00, 0x00, 0x68, 0x00, 0x00, 0x00, 0x54, 0x00, 0x00, 0x00, 0x40, 0x00, 0x00, 0x00,
    0x2c, 0x00, 0x00, 0x00, 0x18, 0x00, 0x00, 0x00, 0x04, 0x00, 0x00, 0x00, 0xa4, 0xff, 0xff, 0xff,
    0x06, 0x00, 0x00, 0x00, 0x02, 0x00, 0x00, 0x00, 0x00, 0x00, 0x00, 0x06, 0xb4, 0xff, 0xff, 0xff,
    0x0e, 0x00, 0x00, 0x00, 0x02, 0x00, 0x00, 0x00, 0x00, 0x00, 0x00, 0x0e, 0xc4, 0xff, 0xff, 0xff,
    0x09, 0x00, 0x00, 0x00, 0x04, 0x00, 0x00, 0x00, 0x00, 0x00, 0x00, 0x09, 0xd4, 0xff, 0xff, 0xff,
    0x28, 0x00, 0x00, 0x00, 0x02, 0x00, 0x00, 0x00, 0x00, 0x00, 0x00, 0x28, 0xe4, 0xff, 0xff, 0xff,
    0x11, 0x00, 0x00, 0x00, 0x02, 0x00, 0x00, 0x00, 0x00, 0x00, 0x00, 0x11, 0xcc, 0xff, 0xff, 0xff,
    0x16, 0x00, 0x00, 0x00, 0x00, 0x00, 0x00, 0x16, 0x0c, 0x00, 0x10, 0x00, 0x0f, 0x00, 0x00, 0x00,
    0x08, 0x00, 0x04, 0x00, 0x0c, 0x00, 0x00, 0x00, 0x03, 0x00, 0x00, 0x00, 0x03, 0x00, 0x00, 0x00,
    0x00, 0x00, 0x00, 0x03, 0xf4, 0xff, 0xff, 0xff, 0x46, 0x00, 0x00, 0x00, 0x00, 0x00, 0x00, 0x46,
    0x0c, 0x00, 0x0c, 0x00, 0x0b, 0x00, 0x00, 0x00, 0x00, 0x00, 0x04, 0x00, 0x0c, 0x00, 0x00, 0x00,
    0x72, 0x00, 0x00, 0x00, 0x00, 0x00, 0x00, 0x72,
};
